word,zipf_frequency,in_clueless_puzzles
aback,2.990000,Y
abase,1.560000,N
abate,2.680000,N
abbey,3.880000,Y
abbot,3.430000,Y
abhor,2.640000,N
abide,3.590000,Y
abled,2.290000,N
abode,3.130000,Y
abort,3.270000,Y
about,6.400000,Y
above,5.200000,Y
abuse,4.660000,Y
abyss,3.400000,Y
acorn,3.080000,Y
acrid,2.370000,N
actor,4.650000,Y
acute,4.000000,Y
adage,2.950000,N
adapt,3.980000,Y
adept,3.330000,Y
admin,3.920000,Y
admit,4.580000,Y
adobe,3.530000,Y
adopt,4.190000,Y
adore,3.700000,Y
adorn,3.010000,Y
adult,4.800000,Y
affix,2.630000,N
afire,2.460000,N
afoot,2.890000,N
afoul,2.630000,N
after,6.110000,Y
again,5.700000,Y
agape,2.650000,N
agate,2.810000,N
agent,4.810000,Y
agile,3.410000,N
aging,4.040000,Y
aglow,2.210000,N
agony,3.600000,Y
agora,2.720000,Y
agree,4.970000,Y
ahead,5.010000,Y
aider,1.940000,N
aisle,3.720000,Y
alarm,4.280000,Y
album,5.020000,Y
alert,4.330000,Y
algae,3.540000,Y
alibi,3.100000,Y
alien,4.290000,Y
align,3.630000,Y
alike,4.130000,N
alive,4.760000,Y
allay,2.690000,Y
alley,3.870000,Y
allot,2.790000,Y
allow,5.010000,Y
alloy,3.610000,Y
aloft,3.080000,Y
alone,5.160000,Y
along,5.380000,Y
aloof,2.990000,Y
aloud,3.510000,Y
alpha,4.250000,Y
altar,3.800000,Y
alter,4.050000,Y
amass,2.770000,Y
amaze,3.190000,N
amber,3.970000,Y
amble,2.300000,N
amend,3.550000,Y
amiss,2.930000,Y
amity,2.890000,N
among,5.310000,Y
ample,3.710000,Y
amply,2.610000,N
amuse,3.120000,N
angel,4.450000,Y
anger,4.420000,Y
angle,4.380000,Y
angry,4.660000,Y
angst,3.260000,Y
anime,4.260000,Y
ankle,3.970000,Y
annex,3.500000,Y
annoy,3.460000,Y
annul,2.490000,N
anode,2.860000,N
antic,2.330000,N
anvil,3.040000,Y
aorta,2.920000,Y
apart,4.780000,Y
aphid,2.390000,N
aping,2.090000,N
apnea,3.000000,Y
apple,4.760000,Y
apply,4.810000,Y
apron,3.360000,Y
aptly,3.120000,Y
arbor,3.490000,Y
ardor,2.340000,N
arena,4.330000,Y
argue,4.460000,Y
arise,3.930000,N
armor,3.970000,Y
aroma,3.230000,Y
arose,3.730000,Y
array,4.100000,Y
arrow,4.130000,Y
arson,3.400000,Y
artsy,2.890000,Y
ascot,3.060000,Y
ashen,2.480000,N
aside,4.590000,Y
askew,2.720000,Y
assay,3.280000,N
asset,4.230000,Y
atoll,2.850000,Y
atone,2.860000,N
attic,3.630000,Y
audio,4.470000,Y
audit,4.040000,Y
augur,2.480000,N
aunty,3.160000,Y
avail,3.590000,Y
avert,3.140000,Y
avian,3.140000,Y
avoid,4.870000,Y
await,3.630000,Y
awake,4.140000,Y
award,4.880000,Y
aware,4.780000,Y
awash,2.760000,Y
awful,4.460000,Y
awoke,3.150000,N
axial,3.150000,Y
axiom,3.020000,Y
axion,1.930000,N
azure,3.350000,Y
bacon,4.150000,Y
badge,4.020000,Y
badly,4.440000,Y
bagel,3.180000,Y
baggy,3.160000,N
baker,4.230000,Y
baler,2.260000,N
balmy,2.700000,N
banal,2.880000,N
banjo,3.270000,Y
barge,3.500000,N
baron,3.880000,Y
basal,3.400000,Y
basic,4.890000,Y
basil,3.650000,Y
basin,4.080000,Y
basis,4.810000,Y
baste,2.390000,N
batch,3.910000,Y
bathe,3.220000,Y
baton,3.640000,Y
batty,2.790000,N
bawdy,2.560000,N
bayou,3.140000,Y
beach,4.920000,Y
beady,2.480000,N
beard,4.070000,Y
beast,4.290000,Y
beech,3.270000,Y
beefy,2.740000,N
befit,2.070000,N
began,5.070000,Y
begat,2.410000,N
beget,2.390000,N
begin,4.840000,Y
begun,4.360000,Y
being,5.950000,Y
belch,2.270000,N
belie,2.450000,N
belle,3.790000,N
belly,4.100000,N
below,5.050000,Y
bench,4.390000,N
beret,2.920000,N
berry,3.970000,N
berth,3.440000,Y
beset,3.080000,Y
betel,2.530000,N
bevel,2.610000,N
bezel,2.800000,N
bible,4.540000,Y
bicep,2.720000,Y
biddy,2.390000,N
bigot,3.180000,N
bilge,2.670000,N
billy,4.330000,N
binge,3.600000,Y
bingo,3.710000,Y
biome,2.730000,N
birch,3.500000,Y
birth,4.770000,Y
bison,3.260000,Y
bitty,2.790000,N
black,5.460000,Y
blade,4.190000,Y
blame,4.630000,Y
bland,3.500000,Y
blank,4.140000,Y
blare,2.390000,N
blast,4.320000,Y
blaze,3.690000,N
bleak,3.430000,N
bleat,2.120000,N
bleed,3.720000,Y
bleep,3.080000,Y
blend,3.950000,N
bless,4.170000,Y
blimp,2.780000,N
blind,4.520000,Y
blink,3.730000,N
bliss,3.780000,Y
blitz,3.570000,Y
bloat,2.600000,N
block,4.880000,Y
bloke,3.550000,N
blond,3.550000,N
blood,5.100000,Y
bloom,3.930000,Y
blown,4.210000,Y
bluer,2.220000,N
bluff,3.580000,Y
blunt,3.900000,Y
blurb,2.790000,Y
blurt,2.480000,N
blush,3.560000,N
board,5.240000,Y
boast,3.510000,N
bobby,4.220000,N
boney,2.500000,N
bongo,2.870000,N
bonus,4.450000,Y
booby,2.980000,N
boost,4.410000,Y
booth,4.100000,Y
booty,3.590000,N
booze,3.650000,N
boozy,2.520000,N
borax,2.480000,N
borne,3.670000,N
bosom,3.050000,Y
bossy,2.970000,N
botch,2.400000,N
bough,2.730000,N
boule,2.120000,N
bound,4.460000,Y
bowel,3.550000,Y
boxer,3.740000,N
brace,3.720000,N
braid,3.240000,N
brain,4.940000,Y
brake,3.950000,N
brand,4.830000,Y
brash,2.950000,N
brass,4.050000,Y
brave,4.330000,N
bravo,3.770000,Y
brawl,3.530000,Y
brawn,2.760000,N
bread,4.500000,Y
break,5.180000,Y
breed,4.080000,N
briar,2.860000,N
bribe,3.500000,N
brick,4.250000,N
bride,4.080000,N
brief,4.520000,Y
brine,3.070000,N
bring,5.270000,Y
brink,3.510000,N
briny,2.200000,N
brisk,3.200000,N
broad,4.530000,N
broil,2.440000,N
broke,4.850000,Y
brood,3.250000,N
brook,3.740000,N
broom,3.420000,N
broth,3.390000,N
brown,5.010000,Y
brunt,3.120000,N
brush,4.230000,N
brute,3.420000,N
buddy,4.400000,N
budge,3.230000,N
buggy,3.320000,N
bugle,2.920000,N
build,5.040000,Y
built,5.070000,Y
bulge,3.240000,N
bulky,3.300000,N
bully,3.870000,N
bunch,4.570000,N
bunny,3.880000,Y
burly,2.820000,N
burnt,4.030000,N
burst,4.150000,Y
bused,2.110000,N
bushy,2.980000,N
butch,3.370000,Y
butte,3.090000,N
buxom,2.380000,N
buyer,4.030000,Y
bylaw,2.600000,N
cabal,3.040000,Y
cabby,1.950000,N
cabin,4.130000,Y
cable,4.540000,Y
cacao,2.860000,Y
cache,3.630000,Y
cacti,2.750000,Y
caddy,2.960000,N
cadet,3.350000,Y
cagey,2.390000,N
cairn,2.870000,N
camel,3.640000,Y
cameo,3.480000,Y
canal,4.220000,Y
candy,4.290000,Y
canny,2.890000,N
canoe,3.500000,N
canon,4.110000,Y
caper,2.860000,Y
caput,2.080000,N
carat,3.150000,Y
cargo,4.190000,Y
carol,4.020000,Y
carry,4.890000,Y
carve,3.410000,N
caste,3.600000,Y
catch,4.870000,Y
cater,3.550000,Y
catty,2.560000,N
caulk,2.290000,N
cause,5.350000,Y
cavil,2.040000,N
cease,4.030000,Y
cedar,3.760000,Y
cello,3.290000,N
chafe,2.400000,N
chaff,2.750000,Y
chain,4.650000,Y
chair,4.690000,Y
chalk,3.690000,Y
champ,3.900000,Y
chant,3.600000,Y
chaos,4.270000,Y
chard,2.710000,N
charm,4.120000,Y
chart,4.470000,N
chase,4.440000,N
chasm,2.960000,N
cheap,4.710000,Y
cheat,4.060000,Y
check,5.310000,Y
cheek,3.960000,N
cheer,4.060000,Y
chess,3.940000,Y
chest,4.520000,Y
chick,4.080000,Y
chide,2.180000,N
chief,5.110000,Y
child,5.300000,Y
chili,3.730000,Y
chill,4.180000,Y
chime,3.140000,N
china,5.100000,Y
chirp,2.790000,Y
chock,2.860000,N
choir,3.880000,N
choke,3.720000,N
chord,3.650000,Y
chore,3.150000,N
chose,4.550000,N
chuck,4.170000,Y
chump,2.910000,N
chunk,3.640000,N
churn,3.070000,Y
chute,3.190000,N
cider,3.500000,Y
cigar,3.570000,Y
cinch,2.650000,N
circa,3.570000,Y
civic,4.000000,Y
civil,4.930000,Y
clack,2.610000,N
claim,4.950000,Y
clamp,3.450000,Y
clang,2.630000,N
clank,2.660000,N
clash,3.970000,Y
clasp,3.100000,Y
class,5.360000,Y
clean,4.970000,Y
clear,5.250000,Y
cleat,2.370000,N
cleft,2.940000,N
clerk,4.000000,N
click,4.820000,N
cliff,4.100000,Y
climb,4.220000,Y
cling,3.490000,Y
clink,2.620000,N
cloak,3.570000,N
clock,4.430000,Y
clone,3.680000,N
close,5.360000,Y
cloth,4.030000,Y
cloud,4.460000,Y
clout,3.230000,N
clove,2.910000,N
clown,3.930000,Y
cluck,2.320000,N
clued,2.400000,N
clump,2.940000,N
clung,2.980000,N
coach,4.960000,Y
coast,4.870000,Y
cobra,3.510000,Y
cocoa,3.640000,Y
colon,3.600000,Y
color,4.910000,Y
comet,3.640000,Y
comfy,3.630000,Y
comic,4.420000,Y
comma,3.270000,Y
conch,2.790000,N
condo,3.630000,Y
conic,2.420000,N
copse,2.340000,N
coral,3.860000,N
corer,1.580000,N
corny,3.230000,N
couch,4.170000,Y
cough,3.950000,N
could,6.060000,Y
count,4.830000,Y
coupe,3.340000,N
court,5.410000,Y
coven,3.000000,N
cover,5.080000,Y
covet,2.820000,N
covey,2.610000,N
cower,2.550000,N
coyly,2.080000,N
crack,4.410000,Y
craft,4.300000,N
cramp,3.040000,Y
crane,3.920000,N
crank,3.610000,N
crash,4.550000,N
crass,2.960000,Y
crate,3.470000,N
crave,3.470000,N
crawl,3.770000,Y
craze,3.350000,N
crazy,5.070000,Y
creak,2.520000,N
cream,4.620000,Y
credo,2.770000,N
creed,3.700000,Y
creek,4.370000,N
creep,3.840000,Y
creme,3.120000,N
crepe,2.870000,N
crept,3.150000,N
cress,2.490000,N
crest,3.650000,N
crick,2.800000,N
cried,4.190000,Y
crier,2.420000,N
crime,4.890000,N
crimp,2.610000,N
crisp,3.700000,Y
croak,2.400000,N
crock,3.030000,N
crone,2.600000,N
crony,2.730000,N
crook,3.410000,N
cross,5.000000,Y
croup,2.230000,N
crowd,4.700000,Y
crown,4.560000,Y
crude,4.000000,N
cruel,4.120000,Y
crumb,2.970000,N
crump,2.750000,N
crush,4.170000,N
crust,3.700000,N
crypt,3.100000,Y
cubic,3.710000,Y
cumin,3.010000,Y
curio,2.430000,N
curly,3.600000,N
curry,3.960000,Y
curse,4.070000,N
curve,4.140000,Y
curvy,3.150000,N
cutie,3.320000,N
cyber,3.980000,Y
cycle,4.600000,Y
cynic,2.810000,N
daddy,4.360000,Y
daily,5.070000,Y
dairy,4.090000,N
daisy,3.780000,N
dally,2.780000,N
dance,4.930000,Y
dandy,3.250000,Y
datum,2.520000,N
daunt,2.040000,N
dealt,4.200000,Y
death,5.400000,Y
debar,1.960000,N
debit,3.620000,Y
debug,2.860000,Y
debut,4.520000,Y
decal,3.010000,Y
decay,3.830000,Y
decor,3.650000,Y
decoy,3.040000,N
decry,2.600000,N
defer,3.200000,Y
deign,2.260000,N
deity,3.550000,N
delay,4.400000,Y
delta,4.120000,Y
delve,3.140000,Y
demon,4.060000,N
demur,1.780000,N
denim,3.520000,Y
dense,3.980000,Y
depot,3.950000,Y
depth,4.550000,Y
derby,4.100000,Y
deter,3.480000,Y
detox,3.290000,Y
deuce,2.940000,N
devil,4.300000,N
diary,4.090000,Y
dicey,2.670000,N
digit,3.770000,Y
dilly,2.640000,N
dimly,2.790000,N
diner,3.480000,Y
dingo,2.750000,Y
dingy,2.820000,N
diode,3.060000,Y
dirge,2.380000,N
dirty,4.550000,Y
disco,3.780000,Y
ditch,3.900000,Y
ditto,3.380000,Y
ditty,2.580000,N
diver,3.410000,N
dizzy,3.430000,N
dodge,3.930000,Y
dodgy,3.320000,N
dogma,3.270000,Y
doing,5.600000,Y
dolly,3.540000,Y
donor,3.920000,Y
donut,3.310000,Y
dopey,2.680000,N
doubt,4.900000,Y
dough,3.860000,N
dowdy,2.410000,N
dowel,2.380000,N
downy,2.600000,N
dowry,3.130000,N
dozen,4.350000,Y
draft,4.610000,Y
drain,4.070000,Y
drake,3.960000,Y
drama,4.670000,Y
drank,3.950000,Y
drape,2.740000,N
drawl,2.480000,N
drawn,4.530000,Y
dread,3.640000,Y
dream,4.910000,Y
dress,4.760000,Y
dried,4.040000,Y
drier,3.190000,N
drift,3.820000,Y
drill,4.090000,Y
drink,4.900000,Y
drive,5.130000,Y
droit,2.500000,N
droll,2.580000,N
drone,4.000000,Y
drool,3.040000,Y
droop,2.510000,N
dross,2.370000,N
drove,4.360000,Y
drown,3.680000,Y
druid,2.990000,N
drunk,4.610000,N
dryer,3.540000,Y
dryly,2.330000,N
duchy,3.000000,N
dully,1.870000,N
dummy,3.640000,N
dumpy,2.320000,N
dunce,2.500000,N
dusky,2.830000,N
dusty,3.670000,Y
dutch,4.410000,Y
duvet,2.990000,Y
dwarf,3.750000,Y
dwell,3.570000,Y
dwelt,2.650000,N
dying,4.630000,Y
eager,4.030000,Y
eagle,4.130000,Y
early,5.430000,Y
earth,5.060000,Y
easel,2.680000,Y
eaten,4.130000,Y
eater,3.420000,Y
ebony,3.340000,Y
eclat,1.670000,N
edict,3.100000,Y
edify,1.960000,N
eerie,3.330000,Y
egret,2.320000,N
eight,5.020000,Y
eject,2.990000,Y
eking,1.940000,N
elate,1.330000,N
elbow,3.840000,Y
elder,4.060000,Y
elect,4.030000,Y
elegy,2.710000,N
elfin,2.260000,N
elide,1.750000,N
elite,4.400000,Y
elope,2.500000,N
elude,2.780000,Y
email,4.680000,Y
embed,2.940000,Y
ember,2.970000,Y
emcee,2.730000,Y
empty,4.590000,Y
enact,3.430000,Y
endow,2.430000,N
enema,2.850000,N
enemy,4.700000,Y
enjoy,5.090000,N
ennui,2.410000,N
ensue,2.910000,Y
enter,4.810000,Y
entry,4.670000,Y
envoy,3.480000,Y
epoch,3.190000,Y
epoxy,3.100000,Y
equal,4.650000,Y
equip,3.500000,Y
erase,3.660000,Y
erect,3.520000,N
erode,3.030000,N
error,4.550000,Y
erupt,2.970000,Y
essay,4.230000,Y
ester,3.060000,Y
ether,3.400000,Y
ethic,3.540000,Y
ethos,3.320000,Y
etude,2.570000,N
evade,3.390000,Y
event,5.180000,Y
every,5.790000,Y
evict,2.970000,Y
evoke,3.270000,Y
exact,4.510000,Y
exalt,2.600000,N
excel,3.730000,Y
exert,3.360000,Y
exile,3.840000,Y
exist,4.730000,Y
expel,3.260000,Y
extol,2.300000,N
extra,4.980000,Y
exult,1.800000,N
eying,2.140000,N
fable,3.160000,Y
facet,3.180000,Y
faint,3.780000,N
fairy,4.080000,N
faith,4.820000,Y
false,4.630000,Y
fancy,4.350000,N
fanny,3.470000,N
farce,3.330000,N
fatal,4.100000,Y
fatty,3.800000,Y
fault,4.640000,Y
fauna,3.520000,N
favor,4.580000,Y
feast,3.950000,Y
fecal,3.010000,N
feign,2.580000,N
fella,3.490000,Y
felon,3.170000,N
femme,3.190000,N
femur,3.000000,N
fence,4.210000,Y
feral,3.290000,N
ferry,4.020000,Y
fetal,3.400000,N
fetch,3.650000,Y
fetid,2.290000,N
fetus,3.600000,N
fever,4.220000,N
fewer,4.310000,Y
fiber,4.060000,Y
fibre,3.670000,Y
ficus,2.420000,N
field,5.240000,Y
fiend,3.100000,N
fiery,3.570000,Y
fifth,4.780000,Y
fifty,4.290000,Y
fight,5.230000,Y
filer,2.450000,N
filet,2.800000,N
filly,3.150000,N
filmy,2.130000,N
filth,3.410000,N
final,5.280000,Y
finch,3.550000,N
finer,3.400000,N
first,6.110000,Y
fishy,3.280000,N
fixer,3.040000,N
fizzy,2.820000,N
fjord,2.810000,N
flack,2.950000,N
flail,2.550000,N
flair,3.540000,N
flake,3.210000,N
flaky,2.870000,N
flame,4.070000,N
flank,3.640000,N
flare,3.640000,N
flash,4.450000,Y
flask,3.200000,N
fleck,2.570000,N
fleet,4.330000,Y
flesh,4.200000,Y
flick,3.630000,N
flier,2.920000,N
fling,3.330000,Y
flint,3.770000,N
flirt,3.520000,N
float,3.940000,Y
flock,3.690000,N
flood,4.340000,Y
floor,4.940000,Y
flora,3.700000,Y
floss,3.180000,Y
flour,4.000000,N
flout,2.250000,N
flown,3.830000,Y
fluff,3.200000,N
fluid,4.220000,N
fluke,3.140000,N
flume,2.810000,N
flung,3.330000,Y
flunk,2.170000,N
flush,3.800000,N
flute,3.520000,N
flyer,3.580000,Y
foamy,2.410000,N
focal,3.670000,Y
focus,5.000000,Y
foggy,3.190000,Y
foist,2.140000,N
folio,3.110000,N
folly,3.340000,N
foray,3.040000,N
force,5.230000,Y
forge,3.780000,N
forgo,2.990000,N
forte,3.240000,N
forth,4.400000,Y
forty,4.200000,N
forum,4.380000,Y
found,5.680000,N
foyer,3.090000,Y
frail,3.280000,N
frame,4.580000,N
frank,4.750000,Y
fraud,4.370000,Y
freak,4.080000,Y
freed,3.850000,Y
freer,2.990000,N
fresh,4.830000,Y
friar,3.040000,N
fried,4.060000,Y
frill,2.310000,N
frisk,2.920000,N
fritz,3.420000,N
frock,2.880000,N
frond,2.230000,N
front,5.280000,Y
frost,3.950000,N
froth,2.750000,N
frown,3.260000,N
froze,3.420000,N
fruit,4.570000,N
fudge,3.330000,Y
fugue,2.730000,N
fully,4.890000,Y
fungi,3.480000,Y
funky,3.630000,N
funny,5.020000,Y
furor,2.520000,N
furry,3.560000,N
fussy,3.040000,N
fuzzy,3.650000,N
gaffe,2.660000,N
gaily,2.200000,N
gamer,3.620000,Y
gamma,3.700000,Y
gamut,2.870000,Y
gassy,2.380000,N
gaudy,2.830000,N
gauge,4.020000,Y
gaunt,2.900000,N
gauze,2.890000,N
gavel,2.660000,N
gawky,1.910000,N
gayer,2.370000,N
gayly,1.170000,N
gazer,1.960000,N
gecko,2.910000,Y
geeky,2.940000,Y
geese,3.350000,Y
genie,3.410000,N
genre,4.170000,Y
ghost,4.420000,Y
ghoul,2.890000,N
giant,4.620000,Y
giddy,3.220000,N
gipsy,2.650000,N
girly,3.230000,Y
girth,2.920000,N
given,5.410000,Y
giver,3.200000,N
glade,2.780000,N
gland,3.380000,N
glare,3.360000,N
glass,4.850000,Y
glaze,3.280000,N
gleam,2.970000,Y
glean,2.730000,N
glide,3.330000,Y
glint,2.650000,N
gloat,2.620000,N
globe,4.280000,Y
gloom,3.310000,N
glory,4.360000,Y
gloss,3.470000,Y
glove,3.730000,N
glyph,2.700000,Y
gnash,2.030000,N
gnome,3.200000,N
godly,3.260000,N
going,5.940000,Y
golem,2.790000,Y
golly,2.710000,N
gonad,1.880000,N
goner,2.450000,N
goody,3.040000,N
gooey,2.860000,N
goofy,3.570000,N
goose,3.840000,N
gorge,3.400000,N
gouge,2.710000,N
gourd,2.820000,Y
grace,4.560000,Y
grade,4.800000,Y
graft,3.470000,N
grail,3.460000,Y
grain,4.180000,Y
grand,4.910000,Y
grant,4.670000,Y
grape,3.700000,N
graph,4.050000,N
grasp,3.970000,Y
grass,4.380000,Y
grate,3.170000,N
grave,4.310000,N
gravy,3.480000,N
graze,3.020000,N
great,5.880000,Y
greed,3.730000,Y
green,5.130000,Y
greet,3.730000,Y
grief,4.080000,Y
grill,3.840000,Y
grime,3.090000,N
grimy,2.760000,N
grind,3.940000,Y
gripe,2.810000,N
groan,3.120000,Y
groin,3.260000,N
groom,3.630000,Y
grope,2.680000,N
gross,4.450000,Y
group,5.570000,Y
grout,2.830000,N
grove,3.940000,N
growl,3.140000,N
grown,4.670000,Y
gruel,2.440000,N
gruff,2.810000,Y
grunt,3.150000,Y
guard,4.730000,Y
guava,2.610000,N
guess,5.170000,Y
guest,4.580000,Y
guide,4.750000,Y
guild,3.930000,Y
guile,2.750000,N
guilt,4.130000,Y
guise,3.470000,N
gulch,2.780000,N
gully,3.110000,Y
gumbo,2.700000,N
gummy,2.970000,N
guppy,2.490000,N
gusto,3.000000,Y
gusty,2.590000,N
gypsy,3.550000,N
habit,4.240000,Y
hairy,3.800000,N
halve,2.600000,N
handy,3.970000,Y
happy,5.350000,Y
hardy,3.860000,Y
harem,3.130000,N
harpy,2.500000,N
harry,4.720000,N
harsh,4.140000,Y
haste,3.370000,Y
hasty,3.290000,Y
hatch,3.820000,Y
hater,3.140000,Y
haunt,3.540000,N
haute,3.200000,N
haven,4.130000,Y
havoc,3.500000,Y
hazel,3.540000,Y
heady,2.930000,Y
heard,5.270000,Y
heart,5.310000,Y
heath,3.760000,Y
heave,2.900000,Y
heavy,4.960000,Y
hedge,3.740000,Y
hefty,3.360000,Y
heist,3.390000,Y
helix,3.260000,Y
hello,4.720000,Y
hence,4.380000,Y
heron,3.090000,Y
hilly,3.170000,Y
hinge,3.320000,N
hippo,3.130000,N
hippy,3.000000,Y
hitch,3.420000,Y
hoard,3.230000,N
hobby,3.940000,Y
hoist,3.120000,N
holly,3.880000,Y
homer,3.890000,Y
honey,4.370000,Y
honor,4.690000,Y
horde,3.230000,Y
horny,3.790000,N
horse,4.760000,Y
hotel,4.950000,Y
hotly,2.930000,Y
hound,3.430000,N
house,5.710000,Y
hovel,2.310000,N
hover,3.260000,N
howdy,3.080000,N
human,5.350000,Y
humid,3.500000,Y
humor,4.190000,Y
humph,2.180000,N
humus,2.380000,N
hunch,3.070000,N
hunky,2.720000,N
hurry,4.140000,Y
husky,3.290000,N
hussy,2.170000,N
hutch,3.040000,Y
hydro,3.630000,Y
hyena,2.800000,Y
hymen,2.570000,N
hyper,3.690000,Y
icily,1.640000,N
icing,3.490000,Y
ideal,4.440000,Y
idiom,2.970000,Y
idiot,4.390000,N
idler,2.300000,N
idyll,2.440000,N
igloo,2.640000,N
iliac,2.360000,N
image,4.940000,Y
imbue,2.420000,N
impel,2.360000,N
imply,3.830000,Y
inane,2.700000,N
inbox,3.510000,Y
incur,3.300000,Y
index,4.570000,Y
inept,3.130000,Y
inert,3.090000,Y
infer,3.160000,Y
ingot,2.380000,N
inlay,2.680000,Y
inlet,3.450000,Y
inner,4.500000,Y
input,4.350000,Y
inter,4.160000,Y
intro,3.810000,Y
ionic,3.210000,Y
irate,2.780000,N
irony,3.860000,Y
islet,2.760000,N
issue,5.230000,Y
itchy,3.340000,Y
ivory,3.850000,Y
jaunt,2.600000,N
jazzy,3.000000,N
jelly,3.770000,N
jerky,3.100000,N
jetty,3.040000,N
jewel,3.680000,Y
jiffy,2.640000,N
joint,4.710000,N
joist,2.250000,N
joker,3.740000,N
jolly,3.570000,N
joust,2.470000,N
judge,4.950000,N
juice,4.360000,Y
juicy,3.700000,N
jumbo,3.380000,N
jumpy,2.670000,N
junta,3.340000,Y
junto,1.880000,N
juror,3.130000,Y
kappa,3.460000,Y
karma,3.880000,Y
kayak,3.240000,Y
kebab,3.030000,Y
khaki,3.040000,Y
kinky,3.370000,N
kiosk,3.000000,Y
kitty,3.980000,Y
knack,3.260000,Y
knave,2.500000,N
knead,2.570000,N
kneed,2.440000,N
kneel,3.240000,Y
knelt,2.800000,Y
knife,4.410000,Y
knock,4.350000,N
knoll,2.900000,N
known,5.390000,Y
koala,3.040000,Y
krill,2.630000,N
label,4.430000,Y
labor,4.770000,Y
laden,3.740000,Y
ladle,2.660000,N
lager,3.160000,Y
lance,3.940000,Y
lanky,2.730000,Y
lapel,2.770000,Y
lapse,3.490000,Y
large,5.390000,Y
larva,2.990000,Y
lasso,2.740000,Y
latch,3.340000,Y
later,5.490000,Y
lathe,2.910000,Y
latte,3.300000,Y
laugh,4.660000,Y
layer,4.400000,Y
leach,3.250000,N
leafy,3.300000,Y
leaky,3.060000,Y
leant,2.430000,N
leapt,3.050000,Y
learn,5.170000,Y
lease,4.170000,Y
leash,3.470000,Y
least,5.440000,Y
leave,5.340000,Y
ledge,3.410000,Y
leech,3.170000,Y
leery,2.580000,N
lefty,3.250000,Y
legal,5.080000,Y
leggy,2.480000,N
lemon,4.100000,Y
lemur,2.570000,N
leper,2.790000,Y
level,5.410000,Y
lever,3.640000,Y
libel,3.340000,Y
liege,2.950000,Y
light,5.330000,Y
liken,2.570000,N
lilac,3.110000,Y
limbo,3.310000,Y
limit,4.700000,Y
linen,3.610000,Y
liner,3.750000,Y
lingo,3.010000,Y
lipid,3.290000,Y
lithe,2.480000,N
liver,4.180000,Y
livid,2.990000,Y
llama,2.950000,Y
loamy,2.220000,N
loath,2.670000,N
lobby,4.030000,Y
local,5.430000,Y
locus,3.180000,Y
lodge,4.080000,Y
lofty,3.340000,Y
logic,4.360000,Y
login,3.490000,Y
loopy,2.670000,N
loose,4.460000,Y
lorry,3.210000,Y
loser,4.010000,Y
louse,2.600000,N
lousy,3.310000,N
lover,4.260000,Y
lower,5.110000,Y
lowly,3.270000,Y
loyal,4.200000,Y
lucid,3.270000,Y
lucky,4.770000,Y
lumen,3.090000,Y
lumpy,2.840000,Y
lunar,3.770000,Y
lunch,4.660000,Y
lunge,2.850000,Y
lupus,3.200000,Y
lurch,2.790000,Y
lurid,2.730000,N
lusty,2.800000,N
lying,4.670000,Y
lymph,3.200000,Y
lynch,3.940000,N
lyric,3.630000,Y
macaw,2.330000,N
macho,3.260000,Y
macro,3.710000,Y
madam,3.590000,Y
madly,3.170000,N
mafia,3.830000,Y
magic,4.760000,Y
magma,3.190000,Y
maize,3.340000,Y
major,5.300000,Y
maker,4.230000,Y
mambo,2.780000,N
mamma,3.320000,Y
mammy,2.620000,N
manga,3.970000,Y
mange,2.500000,N
mango,3.560000,Y
mangy,2.100000,N
mania,3.440000,Y
manic,3.320000,Y
manly,3.660000,Y
manor,3.810000,Y
maple,3.860000,Y
march,5.260000,Y
marry,4.400000,Y
marsh,3.870000,Y
mason,4.140000,Y
masse,3.150000,Y
match,5.130000,Y
matey,2.500000,N
mauve,2.710000,N
maxim,3.390000,N
maybe,5.450000,Y
mayor,4.620000,Y
mealy,2.400000,N
meant,4.940000,Y
meaty,3.010000,N
mecca,3.380000,Y
medal,4.390000,Y
media,5.300000,Y
medic,3.420000,Y
melee,3.220000,Y
melon,3.320000,Y
mercy,4.250000,Y
merge,3.750000,Y
merit,4.080000,N
merry,3.830000,N
metal,4.820000,Y
meter,4.090000,Y
metro,4.180000,Y
micro,4.080000,Y
midge,2.760000,Y
midst,3.890000,Y
might,5.660000,Y
milky,3.500000,Y
mimic,3.490000,Y
mince,3.020000,Y
miner,3.580000,N
minim,1.990000,N
minor,4.620000,Y
minty,2.690000,N
minus,4.000000,Y
mirth,2.620000,N
miser,2.560000,N
missy,3.260000,N
mocha,2.980000,Y
modal,3.130000,N
model,5.130000,Y
modem,3.400000,Y
mogul,3.070000,N
moist,3.690000,N
molar,2.990000,Y
moldy,2.690000,Y
money,5.640000,Y
month,5.250000,Y
moody,3.700000,Y
moose,3.610000,Y
moral,4.460000,Y
moron,3.750000,N
morph,3.070000,N
mossy,2.640000,N
motel,3.610000,Y
motif,3.400000,Y
motor,4.530000,Y
motto,3.720000,Y
moult,2.250000,N
mound,3.600000,N
mount,4.470000,N
mourn,3.430000,Y
mouse,4.310000,N
mouth,4.830000,Y
mover,3.210000,Y
movie,5.160000,Y
mower,3.100000,Y
mucky,2.290000,N
mucus,3.150000,N
muddy,3.600000,Y
mulch,2.900000,N
mummy,3.570000,N
munch,3.080000,N
mural,3.490000,Y
murky,3.120000,N
mushy,2.940000,N
music,5.520000,Y
musky,2.430000,N
musty,2.830000,N
myrrh,2.560000,N
nadir,2.860000,Y
naive,3.750000,N
nanny,3.590000,Y
nasal,3.490000,Y
nasty,4.220000,Y
natal,3.410000,Y
naval,4.240000,Y
navel,2.950000,N
needy,3.580000,Y
neigh,2.490000,N
nerdy,3.170000,Y
nerve,4.190000,Y
never,5.910000,Y
newer,3.940000,Y
newly,4.420000,Y
nicer,3.650000,Y
niche,3.850000,Y
niece,3.820000,Y
night,5.610000,Y
ninja,3.870000,Y
ninny,1.930000,N
ninth,4.070000,Y
noble,4.240000,Y
nobly,2.390000,N
noise,4.550000,Y
noisy,3.670000,Y
nomad,3.070000,Y
noose,2.980000,N
north,5.340000,Y
nosey,2.550000,N
notch,3.780000,Y
novel,4.630000,Y
nudge,3.220000,Y
nurse,4.400000,Y
nutty,3.190000,Y
nylon,3.420000,Y
nymph,2.870000,N
oaken,1.940000,N
obese,3.680000,N
occur,4.470000,Y
ocean,4.700000,Y
octal,2.130000,N
octet,2.240000,N
odder,2.100000,N
oddly,3.560000,Y
offal,2.510000,N
offer,5.050000,Y
often,5.410000,Y
olden,2.840000,Y
older,4.920000,Y
olive,4.090000,Y
ombre,2.590000,N
omega,3.780000,Y
onion,3.890000,Y
onset,3.720000,Y
opera,4.270000,Y
opine,2.300000,N
opium,3.460000,N
optic,3.650000,Y
orbit,4.030000,Y
order,5.490000,Y
organ,4.140000,Y
other,6.160000,Y
otter,3.370000,N
ought,4.350000,Y
ounce,3.800000,Y
outdo,2.720000,Y
outer,4.250000,Y
outgo,1.340000,N
ovary,2.940000,Y
ovate,2.580000,N
overt,3.310000,Y
ovine,1.680000,N
ovoid,2.420000,N
owing,3.730000,Y
owner,4.830000,Y
oxide,3.660000,Y
ozone,3.420000,Y
paddy,3.620000,Y
pagan,3.560000,Y
paint,4.520000,N
paler,2.870000,N
palsy,3.200000,N
panel,4.550000,Y
panic,4.260000,Y
pansy,2.770000,N
papal,3.400000,Y
paper,5.070000,Y
parer,1.550000,N
parka,2.760000,Y
parry,3.440000,Y
parse,2.980000,N
party,5.490000,Y
pasta,3.920000,Y
paste,3.910000,Y
pasty,2.880000,N
patch,4.200000,Y
patio,3.440000,Y
patsy,3.120000,N
patty,3.580000,Y
pause,4.000000,Y
payee,2.290000,N
payer,3.220000,Y
peace,5.020000,Y
peach,3.770000,Y
pearl,4.140000,Y
pecan,2.930000,Y
pedal,3.640000,Y
penal,3.460000,N
pence,3.660000,Y
penne,2.470000,N
penny,4.070000,Y
perch,3.290000,Y
peril,3.400000,Y
perky,2.950000,N
pesky,3.100000,N
pesto,2.880000,Y
petal,3.040000,Y
petty,4.070000,Y
phase,4.640000,N
phone,5.300000,Y
phony,3.350000,N
photo,4.970000,Y
piano,4.310000,Y
picky,3.340000,N
piece,5.040000,Y
piety,3.090000,Y
piggy,3.300000,N
pilot,4.520000,Y
pinch,3.760000,Y
piney,2.480000,N
pinky,3.390000,N
pinto,3.120000,Y
piper,3.680000,Y
pique,2.930000,Y
pitch,4.430000,Y
pithy,2.610000,N
pivot,3.500000,Y
pixel,3.720000,N
pixie,3.150000,Y
pizza,4.430000,Y
place,5.710000,Y
plaid,3.330000,Y
plain,4.430000,Y
plait,2.420000,N
plane,4.720000,Y
plank,3.460000,Y
plant,4.890000,Y
plate,4.550000,N
plaza,3.910000,Y
plead,3.630000,Y
pleat,2.190000,N
plied,2.560000,N
plier,1.660000,N
pluck,3.130000,N
plumb,2.920000,N
plume,3.190000,N
plump,3.190000,N
plunk,2.110000,N
plush,3.330000,N
poesy,1.660000,N
point,5.540000,Y
poise,3.040000,N
poker,3.970000,Y
polar,3.960000,Y
polka,3.200000,Y
polyp,2.390000,N
pooch,2.970000,N
poppy,3.590000,N
porch,3.850000,Y
poser,2.670000,N
posit,2.760000,Y
posse,3.180000,N
pouch,3.430000,N
pound,4.320000,Y
pouty,2.380000,N
power,5.520000,Y
prank,3.700000,Y
prawn,2.870000,N
preen,2.160000,N
press,5.160000,Y
price,5.230000,N
prick,3.600000,N
pride,4.490000,N
pried,2.390000,N
prime,4.810000,N
primo,2.990000,Y
print,4.540000,Y
prior,4.850000,Y
prism,3.440000,Y
privy,3.460000,N
prize,4.590000,N
probe,3.990000,N
prone,3.930000,N
prong,2.800000,N
proof,4.700000,Y
prose,3.720000,N
proud,4.780000,Y
prove,4.770000,N
prowl,2.750000,Y
proxy,3.730000,N
prude,2.580000,N
prune,2.960000,N
psalm,3.560000,Y
pubic,3.070000,N
pudgy,2.470000,N
puffy,3.130000,N
pulpy,2.230000,N
pulse,4.060000,Y
punch,4.320000,Y
pupal,2.150000,N
pupil,3.810000,Y
puppy,4.000000,N
puree,2.870000,N
purer,2.530000,N
purge,3.570000,N
purse,3.950000,Y
pushy,3.000000,N
putty,2.890000,N
pygmy,2.720000,N
quack,3.060000,N
quail,3.130000,N
quake,3.450000,N
qualm,1.890000,N
quark,3.050000,N
quart,3.010000,N
quash,2.750000,N
quasi,3.490000,Y
queen,4.860000,N
queer,3.760000,N
quell,3.000000,N
query,3.640000,N
quest,4.270000,N
queue,3.780000,N
quick,4.980000,N
quiet,4.650000,N
quill,3.110000,N
quilt,3.250000,N
quirk,3.130000,N
quite,5.290000,N
quota,3.530000,N
quote,4.510000,N
quoth,2.080000,N
rabbi,3.690000,Y
rabid,3.130000,Y
racer,3.450000,Y
radar,4.200000,Y
radii,2.550000,N
radio,5.010000,Y
rainy,3.740000,Y
raise,4.750000,Y
rajah,2.650000,N
rally,4.340000,Y
ralph,4.100000,N
ramen,3.350000,Y
ranch,4.030000,Y
randy,3.920000,N
range,5.120000,Y
rapid,4.380000,Y
rarer,3.050000,Y
raspy,2.640000,N
ratio,4.370000,Y
ratty,2.470000,N
raven,3.790000,N
rayon,2.990000,Y
razor,3.720000,Y
reach,4.940000,Y
react,4.160000,Y
ready,5.280000,Y
realm,4.060000,Y
rearm,2.140000,N
rebar,2.570000,N
rebel,4.080000,Y
rebus,2.530000,N
rebut,2.600000,N
recap,3.450000,Y
recur,2.650000,N
recut,2.130000,N
reedy,2.560000,N
refer,4.450000,Y
refit,2.670000,N
regal,3.340000,Y
rehab,3.790000,Y
reign,4.070000,Y
relax,4.290000,Y
relay,3.860000,Y
relic,3.370000,Y
remit,3.090000,Y
renal,3.440000,Y
renew,3.730000,Y
repay,3.660000,Y
repel,3.200000,Y
reply,4.500000,Y
rerun,2.900000,Y
reset,3.830000,Y
resin,3.610000,Y
retch,2.040000,N
retro,3.730000,Y
retry,2.570000,N
reuse,3.370000,Y
revel,3.110000,Y
revue,3.070000,Y
rhino,3.570000,Y
rhyme,3.560000,Y
rider,4.020000,Y
ridge,4.120000,Y
rifle,4.180000,Y
right,5.960000,Y
rigid,3.750000,Y
rigor,3.070000,Y
rinse,3.480000,Y
ripen,2.640000,N
riper,1.950000,N
risen,3.860000,Y
riser,2.880000,Y
risky,3.940000,Y
rival,4.180000,Y
river,5.030000,Y
rivet,2.690000,N
roach,3.440000,Y
roast,3.870000,Y
robin,4.330000,Y
robot,4.240000,Y
rocky,4.160000,Y
rodeo,3.470000,Y
roger,4.390000,Y
rogue,3.890000,Y
roomy,2.670000,Y
roost,3.000000,Y
rotor,3.420000,Y
rouge,3.660000,N
rough,4.490000,Y
round,5.140000,Y
rouse,3.100000,N
route,4.670000,Y
rover,3.760000,Y
rowdy,3.210000,Y
rower,3.110000,Y
royal,4.850000,Y
ruddy,3.010000,Y
ruder,2.130000,N
rugby,4.400000,Y
ruler,3.840000,Y
rumba,2.630000,N
rumor,3.730000,Y
rupee,3.040000,Y
rural,4.590000,Y
rusty,3.610000,Y
sadly,4.180000,Y
safer,4.090000,Y
saint,4.410000,Y
salad,4.150000,Y
sally,3.970000,N
salon,3.870000,Y
salsa,3.530000,Y
salty,3.740000,N
salve,2.810000,N
salvo,2.860000,Y
sandy,4.190000,Y
saner,2.250000,N
sappy,2.680000,N
sassy,3.210000,N
satin,3.390000,N
satyr,2.470000,N
sauce,4.300000,Y
saucy,2.900000,N
sauna,3.250000,N
saute,2.460000,N
savor,2.980000,N
savoy,3.090000,N
savvy,3.560000,N
scald,2.170000,N
scale,4.830000,Y
scalp,3.480000,Y
scaly,2.810000,N
scamp,2.320000,N
scant,3.100000,N
scare,4.070000,N
scarf,3.680000,Y
scary,4.370000,N
scene,4.970000,Y
scent,3.820000,Y
scion,3.030000,N
scoff,2.780000,N
scold,2.810000,N
scone,2.740000,N
scoop,3.690000,Y
scope,4.260000,N
score,4.830000,N
scorn,3.130000,N
scour,2.970000,N
scout,3.970000,Y
scowl,2.510000,N
scram,2.350000,N
scrap,3.900000,Y
scree,2.310000,N
screw,4.250000,Y
scrub,3.690000,Y
scrum,3.250000,N
scuba,3.310000,N
sedan,3.550000,Y
seedy,2.830000,N
segue,2.560000,N
seize,3.800000,N
semen,3.380000,N
sense,5.190000,Y
sepia,2.780000,Y
serif,2.640000,N
serum,3.740000,Y
serve,4.850000,Y
setup,4.090000,Y
seven,5.080000,Y
sever,3.150000,Y
sewer,3.640000,Y
shack,3.430000,N
shade,4.160000,N
shady,3.710000,N
shaft,3.900000,N
shake,4.330000,N
shaky,3.450000,N
shale,3.690000,N
shall,5.030000,Y
shalt,3.340000,N
shame,4.550000,N
shank,3.070000,N
shape,4.720000,N
shard,3.000000,N
share,5.200000,N
shark,4.100000,N
sharp,4.480000,Y
shave,3.830000,N
shawl,3.170000,N
shear,3.400000,N
sheen,3.340000,Y
sheep,4.190000,Y
sheer,4.010000,Y
sheet,4.400000,N
sheik,3.100000,N
shelf,4.020000,Y
shell,4.390000,Y
shied,2.510000,N
shift,4.570000,N
shine,4.170000,N
shiny,3.880000,N
shire,3.470000,N
shirk,2.660000,N
shirt,4.630000,N
shoal,2.930000,N
shock,4.460000,N
shone,3.230000,N
shook,4.050000,N
shoot,4.730000,N
shore,4.330000,N
shorn,2.530000,N
short,5.330000,Y
shout,4.060000,N
shove,3.660000,N
shown,4.900000,Y
showy,2.790000,N
shrew,2.750000,N
shrub,3.190000,Y
shrug,3.300000,Y
shuck,2.370000,N
shunt,2.820000,N
shush,2.750000,N
shyly,2.420000,N
siege,3.930000,N
sieve,3.000000,N
sight,4.540000,Y
sigma,3.510000,Y
silky,3.260000,N
silly,4.390000,Y
since,5.750000,Y
sinew,2.330000,N
singe,2.430000,N
siren,3.460000,Y
sissy,3.230000,N
sixth,4.380000,Y
sixty,3.930000,N
skate,3.740000,N
skier,3.200000,Y
skiff,2.630000,N
skill,4.420000,Y
skimp,2.520000,N
skirt,3.960000,N
skulk,1.890000,N
skull,4.090000,Y
skunk,3.100000,N
slack,3.710000,N
slain,3.540000,N
slang,3.550000,Y
slant,3.180000,N
slash,3.650000,Y
slate,3.820000,N
slave,4.310000,N
sleek,3.340000,N
sleep,5.050000,Y
sleet,2.830000,N
slept,4.180000,N
slice,4.000000,N
slick,3.710000,N
slide,4.300000,N
slime,3.380000,N
slimy,3.080000,N
sling,3.340000,N
slink,2.380000,N
sloop,2.800000,N
slope,3.900000,N
slosh,2.100000,N
sloth,3.100000,N
slump,3.360000,Y
slung,2.850000,N
slunk,1.970000,N
slurp,2.560000,N
slush,2.990000,N
slyly,2.460000,N
smack,3.640000,N
small,5.510000,Y
smart,4.830000,Y
smash,4.090000,Y
smear,3.460000,N
smell,4.490000,N
smelt,2.990000,N
smile,4.640000,Y
smirk,3.040000,N
smite,2.930000,N
smith,4.890000,N
smock,2.570000,N
smoke,4.670000,N
smoky,3.330000,N
smote,2.300000,N
snack,3.900000,N
snail,3.670000,N
snake,4.230000,N
snaky,1.720000,N
snare,3.250000,N
snarl,2.620000,N
sneak,3.990000,N
sneer,2.700000,N
snide,2.590000,N
sniff,3.440000,N
snipe,3.040000,N
snoop,3.400000,Y
snore,2.760000,N
snort,3.010000,N
snout,3.080000,N
snowy,3.460000,N
snuck,3.270000,N
snuff,3.150000,Y
soapy,2.750000,N
sober,3.940000,Y
soggy,3.140000,N
solar,4.530000,Y
solid,4.730000,Y
solve,4.420000,Y
sonar,3.300000,N
sonic,3.930000,Y
sooth,2.370000,N
sooty,2.510000,N
sorry,5.180000,Y
sound,5.150000,Y
south,5.400000,Y
sower,2.170000,N
space,5.230000,N
spade,3.330000,N
spank,3.080000,N
spare,4.280000,N
spark,3.990000,N
spasm,2.830000,Y
spawn,3.380000,N
speak,5.030000,Y
spear,3.700000,N
speck,3.020000,N
speed,5.000000,Y
spell,4.370000,N
spelt,3.180000,N
spend,4.970000,Y
spent,5.020000,Y
sperm,3.840000,N
spice,3.940000,N
spicy,3.800000,N
spied,3.080000,N
spiel,2.660000,N
spike,3.960000,N
spiky,2.750000,N
spill,3.840000,N
spilt,2.910000,N
spine,3.930000,N
spiny,2.640000,N
spire,3.110000,N
spite,4.040000,N
splat,2.700000,Y
split,4.650000,Y
spoil,3.810000,Y
spoke,4.610000,N
spoof,3.100000,N
spook,2.880000,N
spool,2.840000,N
spoon,3.880000,N
spore,3.000000,N
sport,4.730000,N
spout,3.110000,N
spray,4.180000,Y
spree,3.560000,N
sprig,2.430000,N
spunk,2.660000,N
spurn,2.360000,N
spurt,2.840000,N
squad,4.670000,Y
squat,3.480000,N
squib,2.290000,N
stack,4.050000,N
staff,5.080000,Y
stage,5.100000,N
staid,2.580000,N
stain,3.700000,N
stair,3.260000,N
stake,4.150000,N
stale,3.430000,N
stalk,3.460000,N
stall,3.790000,N
stamp,4.110000,Y
stand,5.140000,Y
stank,2.760000,N
stare,3.910000,N
stark,4.010000,N
start,5.560000,Y
stash,3.540000,N
state,5.780000,Y
stave,3.040000,N
stead,3.190000,N
steak,3.970000,N
steal,4.410000,N
steam,4.520000,Y
steed,2.950000,N
steel,4.710000,Y
steep,3.990000,Y
steer,3.720000,Y
stein,3.650000,N
stern,3.900000,Y
stick,4.760000,Y
stiff,3.900000,Y
still,5.920000,Y
stilt,2.370000,N
sting,3.800000,N
stink,3.460000,N
stint,3.610000,N
stock,4.930000,N
stoic,3.150000,Y
stoke,3.730000,N
stole,4.210000,N
stomp,3.250000,N
stone,4.800000,N
stony,3.300000,N
stood,4.570000,N
stool,3.520000,N
stoop,3.140000,N
store,5.020000,Y
stork,2.880000,N
storm,4.660000,Y
story,5.450000,Y
stout,3.450000,N
stove,3.710000,N
strap,3.790000,Y
straw,3.990000,Y
stray,3.740000,N
strip,4.360000,Y
strut,3.160000,N
stuck,4.680000,N
study,5.260000,Y
stuff,5.140000,Y
stump,3.450000,Y
stung,3.280000,N
stunk,2.390000,N
stunt,3.860000,N
style,5.110000,Y
suave,2.900000,N
sugar,4.680000,Y
suing,3.500000,N
suite,4.180000,N
sulky,2.330000,N
sully,3.110000,N
sumac,2.340000,N
sunny,4.070000,N
super,5.080000,Y
surer,2.180000,N
surge,3.820000,N
surly,2.850000,N
sushi,3.680000,Y
swami,3.040000,Y
swamp,3.840000,Y
swarm,3.440000,Y
swash,2.210000,N
swath,2.830000,N
swear,4.510000,Y
sweat,4.140000,N
sweep,3.970000,Y
sweet,4.910000,N
swell,3.640000,N
swept,3.940000,N
swift,4.150000,N
swill,2.320000,N
swine,3.460000,N
swing,4.340000,Y
swirl,3.160000,N
swish,2.890000,N
swoon,2.880000,N
swoop,3.200000,N
sword,4.370000,N
swore,3.530000,N
sworn,3.900000,N
swung,3.470000,N
synod,3.320000,Y
syrup,3.760000,Y
tabby,2.790000,N
table,5.050000,Y
taboo,3.470000,Y
tacit,2.940000,Y
tacky,3.180000,Y
taffy,2.710000,N
taint,2.980000,N
taken,5.330000,Y
taker,3.230000,Y
tally,3.620000,Y
talon,2.970000,Y
tamer,2.740000,N
tango,3.580000,Y
tangy,2.640000,N
taper,3.300000,Y
tapir,2.290000,N
tardy,2.690000,Y
tarot,3.120000,Y
taste,4.730000,Y
tasty,3.840000,Y
tatty,2.190000,N
taunt,2.960000,N
tawny,2.770000,N
teach,4.670000,Y
teary,2.840000,N
tease,3.590000,Y
teddy,3.880000,Y
teeth,4.580000,Y
tempo,3.740000,Y
tenet,3.000000,Y
tenor,3.400000,Y
tense,3.950000,Y
tenth,3.920000,Y
tepee,2.030000,N
tepid,2.710000,N
terra,3.440000,Y
terse,2.670000,N
testy,2.540000,N
thank,5.480000,Y
theft,4.130000,Y
their,6.330000,Y
theme,4.620000,Y
there,6.310000,Y
these,6.040000,Y
theta,3.160000,Y
thick,4.460000,Y
thief,3.880000,Y
thigh,3.730000,Y
thing,5.720000,Y
think,6.080000,N
third,5.320000,Y
thong,3.160000,N
thorn,3.480000,Y
those,5.900000,Y
three,5.780000,Y
threw,4.460000,Y
throb,2.680000,N
throw,4.830000,Y
thrum,1.970000,N
thumb,4.010000,Y
thump,2.970000,N
thyme,3.070000,Y
tiara,2.980000,Y
tibia,2.900000,Y
tidal,3.700000,Y
tiger,4.300000,Y
tight,4.570000,Y
tilde,2.190000,N
timer,3.680000,Y
timid,3.250000,Y
tipsy,2.870000,N
titan,3.690000,Y
tithe,2.880000,Y
title,5.100000,Y
toast,3.960000,Y
today,5.550000,Y
toddy,2.550000,N
token,3.820000,Y
tonal,3.090000,Y
tonga,3.100000,Y
tonic,3.390000,Y
tooth,4.080000,Y
topaz,2.870000,N
topic,4.490000,Y
torch,3.740000,Y
torso,3.410000,Y
torus,2.570000,N
total,5.210000,Y
totem,3.090000,Y
touch,4.910000,N
tough,4.770000,N
towel,3.940000,Y
tower,4.500000,Y
toxic,4.240000,Y
toxin,3.300000,Y
trace,4.190000,Y
track,5.020000,Y
tract,3.710000,Y
trade,5.120000,Y
trail,4.450000,Y
train,4.960000,Y
trait,3.690000,Y
tramp,3.210000,N
trash,4.420000,Y
trawl,2.650000,N
tread,3.520000,Y
treat,4.750000,Y
trend,4.510000,Y
triad,3.230000,Y
trial,4.870000,Y
tribe,4.120000,N
trice,2.400000,N
trick,4.480000,N
tried,5.160000,Y
tripe,2.710000,N
trite,2.800000,N
troll,3.730000,Y
troop,3.690000,Y
trope,3.100000,N
trout,3.780000,Y
trove,3.040000,N
truce,3.520000,N
truck,4.640000,N
truer,2.970000,N
truly,4.870000,Y
trump,4.930000,N
trunk,4.030000,N
truss,3.290000,Y
trust,5.130000,Y
truth,5.050000,N
tryst,2.560000,N
tubal,2.560000,N
tuber,2.640000,N
tulip,3.180000,Y
tulle,2.620000,N
tumor,3.970000,N
tunic,3.080000,Y
turbo,3.740000,Y
tutor,3.670000,Y
twang,2.560000,N
tweak,3.270000,Y
tweed,3.250000,Y
tweet,4.170000,Y
twice,4.840000,N
twine,2.930000,N
twirl,2.690000,N
twist,4.220000,Y
twixt,2.080000,N
tying,3.680000,Y
udder,2.290000,N
ulcer,3.030000,Y
ultra,4.230000,Y
umbra,2.390000,N
uncle,4.450000,Y
uncut,3.250000,Y
under,5.730000,Y
undid,2.530000,N
undue,3.290000,Y
unfed,1.630000,N
unfit,3.520000,Y
unify,3.070000,Y
union,5.080000,Y
unite,3.900000,Y
unity,4.220000,Y
unlit,2.440000,N
unmet,2.730000,Y
unset,1.820000,N
untie,2.510000,N
until,5.610000,Y
unwed,2.520000,N
unzip,2.550000,N
upper,4.720000,Y
upset,4.610000,Y
urban,4.650000,Y
urine,3.840000,N
usage,4.230000,Y
usher,3.510000,Y
using,5.470000,Y
usual,4.620000,Y
usurp,2.700000,Y
utile,1.660000,N
utter,3.850000,Y
vague,3.870000,Y
valet,3.170000,Y
valid,4.380000,Y
valor,3.230000,Y
value,5.150000,Y
valve,4.130000,Y
vapid,2.500000,N
vapor,3.560000,Y
vault,3.900000,Y
vaunt,1.390000,N
vegan,3.950000,Y
venom,3.570000,N
venue,4.250000,Y
verge,3.670000,Y
verse,4.180000,N
verso,2.720000,N
verve,2.850000,N
vicar,3.370000,Y
video,5.430000,Y
vigil,3.240000,Y
vigor,3.030000,N
villa,4.200000,Y
vinyl,4.000000,Y
viola,3.540000,Y
viper,3.310000,Y
viral,4.080000,N
virus,4.420000,Y
visit,5.040000,Y
visor,2.980000,Y
vista,3.710000,Y
vital,4.380000,Y
vivid,3.750000,Y
vixen,2.940000,N
vocal,4.160000,Y
vodka,3.830000,N
vogue,3.710000,N
voice,5.070000,Y
voila,2.930000,Y
vomit,3.530000,N
voter,4.110000,Y
vouch,3.130000,N
vowel,3.330000,Y
vying,2.920000,N
wacky,3.290000,N
wafer,3.130000,Y
wager,3.430000,Y
wagon,3.900000,Y
waist,3.960000,Y
waive,3.240000,N
waltz,3.380000,N
warty,2.080000,N
waste,4.810000,Y
watch,5.340000,Y
water,5.520000,Y
waver,2.750000,N
waxen,1.690000,N
weary,3.610000,N
weave,3.530000,Y
wedge,3.620000,Y
weedy,2.370000,N
weigh,3.990000,Y
weird,4.810000,Y
welch,3.370000,N
welsh,4.150000,Y
wench,2.670000,N
whack,3.430000,Y
whale,3.980000,Y
wharf,3.480000,Y
wheat,4.010000,Y
wheel,4.500000,Y
whelp,2.490000,N
where,6.000000,Y
which,6.300000,Y
whiff,3.220000,Y
while,5.860000,N
whine,3.280000,N
whiny,2.890000,N
whirl,2.960000,N
whisk,3.110000,N
white,5.510000,N
whole,5.460000,Y
whoop,3.200000,Y
whose,5.070000,N
widen,3.250000,Y
wider,4.240000,Y
widow,4.080000,Y
width,4.020000,Y
wield,3.210000,Y
wight,3.230000,Y
willy,3.610000,N
wimpy,2.760000,N
wince,2.610000,N
winch,3.040000,N
windy,3.570000,Y
wiser,3.480000,Y
wispy,2.420000,N
witch,4.110000,Y
witty,3.560000,N
woken,3.370000,Y
woman,5.350000,Y
women,5.570000,Y
woody,3.820000,N
wooer,1.180000,N
wooly,2.490000,N
woozy,2.400000,N
wordy,2.560000,N
world,5.890000,Y
worry,4.840000,N
worse,4.890000,Y
worst,4.930000,Y
worth,5.160000,Y
would,6.270000,Y
wound,4.240000,Y
woven,3.560000,Y
wrack,2.210000,N
wrath,3.700000,Y
wreak,2.940000,Y
wreck,3.960000,N
wrest,2.630000,N
wring,2.750000,N
wrist,4.010000,N
write,5.030000,N
wrong,5.390000,Y
wrote,5.040000,N
wrung,2.360000,N
wryly,2.410000,N
yacht,3.820000,Y
yearn,2.970000,Y
yeast,3.670000,Y
yield,4.160000,Y
young,5.430000,Y
youth,4.750000,Y
zebra,3.400000,Y
zesty,2.410000,N
zonal,2.740000,N
