word,zipf_frequency,in_clueless_puzzles,
about,6.4,Y,
their,6.33,Y,
there,6.31,Y,
which,6.3,Y,
would,6.27,Y,
other,6.16,Y,
after,6.11,Y,
first,6.11,Y,
think,6.08,Y,
could,6.06,Y,
these,6.04,Y,
where,6,Y,
right,5.96,Y,
being,5.95,Y,
going,5.94,Y,
still,5.92,Y,
never,5.91,Y,
those,5.9,Y,
world,5.89,Y,
great,5.88,Y,
while,5.86,Y,
every,5.79,Y,
state,5.78,Y,
three,5.78,Y,
since,5.75,Y,
under,5.73,Y,
thing,5.72,Y,
house,5.71,Y,
place,5.71,Y,
again,5.7,Y,
found,5.68,Y,
might,5.66,Y,
money,5.64,Y,
night,5.61,Y,
until,5.61,Y,
doing,5.6,Y,
group,5.57,Y,
women,5.57,Y,
start,5.56,Y,
today,5.55,Y,
point,5.54,Y,
music,5.52,Y,
power,5.52,Y,
water,5.52,Y,
small,5.51,Y,
white,5.51,N,
later,5.49,Y,
order,5.49,Y,
party,5.49,Y,
thank,5.48,Y,
using,5.47,Y,
black,5.46,Y,
whole,5.46,Y,
maybe,5.45,Y,
story,5.45,Y,
least,5.44,Y,
early,5.43,Y,
local,5.43,Y,
video,5.43,Y,
young,5.43,Y,
court,5.41,Y,
given,5.41,Y,
level,5.41,Y,
often,5.41,Y,
death,5.4,N,
south,5.4,Y,
known,5.39,Y,
large,5.39,Y,
wrong,5.39,Y,
along,5.38,Y,
class,5.36,Y,
close,5.36,Y,
cause,5.35,Y,
happy,5.35,Y,
human,5.35,Y,
woman,5.35,Y,
leave,5.34,Y,
north,5.34,Y,
watch,5.34,Y,
light,5.33,Y,
short,5.33,Y,
taken,5.33,Y,
third,5.32,Y,
among,5.31,Y,
check,5.31,Y,
heart,5.31,Y,
child,5.3,Y,
major,5.3,Y,
media,5.3,Y,
phone,5.3,Y,
quite,5.29,Y,
final,5.28,Y,
front,5.28,Y,
ready,5.28,Y,
bring,5.27,Y,
heard,5.27,Y,
march,5.26,Y,
study,5.26,Y,
clear,5.25,Y,
month,5.25,Y,
board,5.24,Y,
field,5.24,Y,
fight,5.23,Y,
force,5.23,Y,
issue,5.23,Y,
price,5.23,Y,
space,5.23,Y,
total,5.21,Y,
above,5.2,Y,
share,5.2,Y,
sense,5.19,Y,
break,5.18,Y,
event,5.18,Y,
sorry,5.18,Y,
guess,5.17,Y,
learn,5.17,Y,
alone,5.16,Y,
movie,5.16,Y,
press,5.16,Y,
tried,5.16,Y,
worth,5.16,Y,
sound,5.15,Y,
value,5.15,Y,
round,5.14,Y,
stand,5.14,Y,
stuff,5.14,Y,
drive,5.13,Y,
green,5.13,Y,
match,5.13,Y,
model,5.13,Y,
trust,5.13,Y,
range,5.12,Y,
trade,5.12,Y,
chief,5.11,Y,
lower,5.11,Y,
style,5.11,Y,
blood,5.1,N,
china,5.1,Y,
title,5.1,Y,
stage,5.1,Y,
enjoy,5.09,N,
cover,5.08,Y,
legal,5.08,Y,
seven,5.08,Y,
staff,5.08,Y,
super,5.08,Y,
union,5.08,Y,
began,5.07,Y,
built,5.07,Y,
crazy,5.07,Y,
daily,5.07,Y,
paper,5.07,Y,
voice,5.07,Y,
whose,5.07,Y,
earth,5.06,Y,
below,5.05,Y,
offer,5.05,Y,
sleep,5.05,Y,
table,5.05,Y,
truth,5.05,N,
build,5.04,Y,
piece,5.04,Y,
visit,5.04,Y,
wrote,5.04,Y,
river,5.03,Y,
shall,5.03,Y,
speak,5.03,Y,
write,5.03,N,
album,5.02,Y,
eight,5.02,Y,
funny,5.02,Y,
peace,5.02,Y,
spent,5.02,Y,
store,5.02,Y,
track,5.02,Y,
ahead,5.01,Y,
allow,5.01,Y,
brown,5.01,Y,
radio,5.01,Y,
cross,5,Y,
focus,5,Y,
speed,5,Y,
extra,4.98,Y,
quick,4.98,N,
agree,4.97,Y,
clean,4.97,Y,
photo,4.97,Y,
scene,4.97,Y,
spend,4.97,Y,
coach,4.96,Y,
heavy,4.96,Y,
train,4.96,Y,
claim,4.95,Y,
hotel,4.95,Y,
judge,4.95,Y,
brain,4.94,Y,
floor,4.94,Y,
image,4.94,Y,
meant,4.94,Y,
reach,4.94,Y,
civil,4.93,Y,
dance,4.93,Y,
worst,4.93,Y,
stock,4.93,Y,
beach,4.92,Y,
older,4.92,Y,
color,4.91,Y,
dream,4.91,Y,
grand,4.91,Y,
sweet,4.91,Y,
touch,4.91,Y,
doubt,4.9,Y,
drink,4.9,Y,
shown,4.9,Y,
basic,4.89,Y,
carry,4.89,Y,
fully,4.89,Y,
plant,4.89,Y,
worse,4.89,Y,
crime,4.89,Y,
smith,4.89,Y,
award,4.88,Y,
block,4.88,Y,
avoid,4.87,Y,
catch,4.87,Y,
coast,4.87,Y,
trial,4.87,Y,
truly,4.87,Y,
queen,4.86,Y,
broke,4.85,Y,
glass,4.85,Y,
prior,4.85,Y,
royal,4.85,Y,
serve,4.85,Y,
begin,4.84,Y,
twice,4.84,Y,
worry,4.84,Y,
brand,4.83,Y,
count,4.83,Y,
fresh,4.83,Y,
mouth,4.83,Y,
owner,4.83,Y,
scale,4.83,Y,
smart,4.83,Y,
throw,4.83,Y,
score,4.83,Y,
faith,4.82,Y,
metal,4.82,Y,
click,4.82,Y,
agent,4.81,Y,
apply,4.81,Y,
basis,4.81,Y,
enter,4.81,Y,
waste,4.81,Y,
weird,4.81,Y,
prime,4.81,Y,
adult,4.8,Y,
grade,4.8,Y,
stone,4.8,Y,
apart,4.78,Y,
aware,4.78,Y,
fifth,4.78,Y,
proud,4.78,Y,
birth,4.77,Y,
labor,4.77,Y,
lucky,4.77,Y,
prove,4.77,Y,
tough,4.77,Y,
alive,4.76,Y,
apple,4.76,Y,
dress,4.76,Y,
horse,4.76,Y,
magic,4.76,Y,
stick,4.76,Y,
frank,4.75,Y,
guide,4.75,Y,
raise,4.75,Y,
treat,4.75,Y,
youth,4.75,Y,
exist,4.73,Y,
guard,4.73,Y,
solid,4.73,Y,
taste,4.73,Y,
shoot,4.73,Y,
sport,4.73,Y,
hello,4.72,Y,
plane,4.72,Y,
upper,4.72,Y,
shape,4.72,Y,
cheap,4.71,Y,
steel,4.71,Y,
joint,4.71,Y,
crowd,4.7,Y,
enemy,4.7,Y,
limit,4.7,Y,
ocean,4.7,Y,
proof,4.7,Y,
chair,4.69,Y,
honor,4.69,Y,
email,4.68,Y,
sugar,4.68,Y,
stuck,4.68,Y,
drama,4.67,Y,
entry,4.67,Y,
grant,4.67,Y,
grown,4.67,Y,
lying,4.67,Y,
route,4.67,Y,
squad,4.67,Y,
teach,4.67,Y,
smoke,4.67,Y,
abuse,4.66,N,
angry,4.66,Y,
laugh,4.66,Y,
lunch,4.66,Y,
storm,4.66,Y,
actor,4.65,Y,
chain,4.65,Y,
equal,4.65,Y,
split,4.65,Y,
urban,4.65,Y,
quiet,4.65,Y,
fault,4.64,Y,
smile,4.64,Y,
phase,4.64,Y,
truck,4.64,Y,
blame,4.63,Y,
dying,4.63,Y,
false,4.63,Y,
novel,4.63,Y,
shirt,4.63,Y,
cream,4.62,Y,
giant,4.62,Y,
mayor,4.62,Y,
minor,4.62,Y,
theme,4.62,Y,
usual,4.62,Y,
draft,4.61,Y,
upset,4.61,Y,
spoke,4.61,Y,
cycle,4.6,Y,
aside,4.59,Y,
empty,4.59,Y,
rural,4.59,Y,
prize,4.59,N,
admit,4.58,Y,
favor,4.58,Y,
guest,4.58,Y,
teeth,4.58,Y,
frame,4.58,Y,
index,4.57,Y,
tight,4.57,Y,
bunch,4.57,Y,
fruit,4.57,Y,
shift,4.57,Y,
stood,4.57,Y,
crown,4.56,Y,
grace,4.56,Y,
depth,4.55,Y,
dirty,4.55,Y,
error,4.55,Y,
noise,4.55,Y,
panel,4.55,Y,
chose,4.55,Y,
crash,4.55,Y,
plate,4.55,Y,
shame,4.55,Y,
bible,4.54,N,
cable,4.54,Y,
print,4.54,Y,
sight,4.54,Y,
drawn,4.53,Y,
motor,4.53,Y,
solar,4.53,Y,
broad,4.53,Y,
blind,4.52,Y,
brief,4.52,Y,
chest,4.52,Y,
debut,4.52,Y,
pilot,4.52,Y,
steam,4.52,Y,
paint,4.52,Y,
exact,4.51,Y,
swear,4.51,N,
trend,4.51,Y,
quote,4.51,Y,
bread,4.5,Y,
inner,4.5,Y,
reply,4.5,Y,
tower,4.5,Y,
wheel,4.5,Y,
rough,4.49,Y,
topic,4.49,Y,
pride,4.49,Y,
smell,4.49,Y,
sharp,4.48,Y,
trick,4.48,Y,
audio,4.47,Y,
occur,4.47,Y,
chart,4.47,Y,
mount,4.47,Y,
argue,4.46,Y,
awful,4.46,Y,
bound,4.46,Y,
cloud,4.46,Y,
loose,4.46,Y,
moral,4.46,Y,
thick,4.46,Y,
threw,4.46,Y,
shock,4.46,Y,
angel,4.45,Y,
bonus,4.45,Y,
flash,4.45,Y,
gross,4.45,Y,
refer,4.45,Y,
trail,4.45,Y,
uncle,4.45,Y,
badly,4.44,Y,
ideal,4.44,Y,
chase,4.44,Y,
clock,4.43,Y,
label,4.43,Y,
pitch,4.43,Y,
pizza,4.43,Y,
plain,4.43,Y,
anger,4.42,Y,
comic,4.42,Y,
ghost,4.42,Y,
newly,4.42,Y,
skill,4.42,Y,
solve,4.42,Y,
trash,4.42,Y,
virus,4.42,Y,
boost,4.41,Y,
crack,4.41,N,
dutch,4.41,Y,
knife,4.41,N,
saint,4.41,Y,
steal,4.41,Y,
delay,4.4,Y,
elite,4.4,Y,
forth,4.4,Y,
layer,4.4,Y,
marry,4.4,Y,
nurse,4.4,Y,
rugby,4.4,Y,
buddy,4.4,N,
sheet,4.4,Y,
medal,4.39,Y,
roger,4.39,Y,
shell,4.39,Y,
silly,4.39,Y,
bench,4.39,Y,
angle,4.38,Y,
forum,4.38,Y,
grass,4.38,Y,
hence,4.38,N,
rapid,4.38,Y,
sixth,4.38,Y,
valid,4.38,Y,
vital,4.38,Y,
fraud,4.37,Y,
honey,4.37,Y,
ratio,4.37,Y,
creek,4.37,Y,
scary,4.37,Y,
spell,4.37,Y,
sword,4.37,Y,
begun,4.36,Y,
daddy,4.36,Y,
drove,4.36,Y,
glory,4.36,Y,
juice,4.36,Y,
logic,4.36,Y,
strip,4.36,N,
dozen,4.35,Y,
input,4.35,Y,
ought,4.35,Y,
fancy,4.35,Y,
knock,4.35,Y,
flood,4.34,Y,
rally,4.34,Y,
swing,4.34,Y,
alert,4.33,Y,
arena,4.33,Y,
fleet,4.33,Y,
robin,4.33,Y,
billy,4.33,Y,
brave,4.33,Y,
shake,4.33,Y,
shore,4.33,N,
blast,4.32,Y,
pound,4.32,Y,
punch,4.32,Y,
fewer,4.31,Y,
piano,4.31,Y,
grave,4.31,N,
mouse,4.31,Y,
slave,4.31,N,
sauce,4.3,Y,
tiger,4.3,Y,
craft,4.3,Y,
slide,4.3,Y,
alien,4.29,Y,
beast,4.29,Y,
candy,4.29,Y,
fifty,4.29,Y,
relax,4.29,Y,
alarm,4.28,Y,
globe,4.28,Y,
spare,4.28,Y,
chaos,4.27,Y,
opera,4.27,Y,
quest,4.27,N,
anime,4.26,Y,
lover,4.26,Y,
panic,4.26,Y,
scope,4.26,Y,
alpha,4.25,Y,
mercy,4.25,Y,
outer,4.25,Y,
screw,4.25,Y,
venue,4.25,Y,
brick,4.25,Y,
habit,4.24,Y,
naval,4.24,Y,
noble,4.24,Y,
robot,4.24,Y,
toxic,4.24,Y,
wider,4.24,Y,
wound,4.24,Y,
asset,4.23,Y,
baker,4.23,Y,
essay,4.23,Y,
maker,4.23,Y,
ultra,4.23,Y,
usage,4.23,Y,
brush,4.23,Y,
snake,4.23,Y,
canal,4.22,Y,
climb,4.22,Y,
nasty,4.22,Y,
twist,4.22,Y,
unity,4.22,Y,
bobby,4.22,N,
fever,4.22,Y,
fluid,4.22,Y,
blown,4.21,Y,
fence,4.21,Y,
stole,4.21,Y,
dealt,4.2,Y,
flesh,4.2,Y,
loyal,4.2,Y,
patch,4.2,Y,
radar,4.2,Y,
villa,4.2,Y,
forty,4.2,Y,
adopt,4.19,Y,
blade,4.19,N,
cargo,4.19,Y,
cried,4.19,Y,
humor,4.19,Y,
nerve,4.19,Y,
sandy,4.19,Y,
sheep,4.19,Y,
trace,4.19,Y,
chill,4.18,Y,
grain,4.18,Y,
liver,4.18,Y,
metro,4.18,Y,
rifle,4.18,N,
rival,4.18,Y,
sadly,4.18,Y,
spray,4.18,Y,
slept,4.18,Y,
suite,4.18,Y,
verse,4.18,Y,
bless,4.17,Y,
chuck,4.17,Y,
couch,4.17,Y,
genre,4.17,Y,
lease,4.17,Y,
tweet,4.17,Y,
crush,4.17,Y,
shine,4.17,Y,
inter,4.16,Y,
react,4.16,Y,
rocky,4.16,Y,
vocal,4.16,Y,
yield,4.16,Y,
shade,4.16,Y,
bacon,4.15,Y,
burst,4.15,Y,
salad,4.15,Y,
welsh,4.15,Y,
stake,4.15,Y,
swift,4.15,Y,
awake,4.14,Y,
blank,4.14,Y,
curve,4.14,Y,*
harsh,4.14,Y,
hurry,4.14,Y,
mason,4.14,Y,
organ,4.14,Y,
pearl,4.14,Y,
sweat,4.14,Y,
arrow,4.13,Y,
cabin,4.13,Y,
eagle,4.13,Y,
eaten,4.13,Y,
guilt,4.13,Y,
haven,4.13,Y,
theft,4.13,Y,
valve,4.13,Y,
alike,4.13,Y,
charm,4.12,Y,
cruel,4.12,Y,
delta,4.12,Y,
ridge,4.12,Y,
tribe,4.12,Y,
canon,4.11,Y,
stamp,4.11,Y,
voter,4.11,Y,
witch,4.11,Y,
array,4.1,Y,
booth,4.1,Y,
cliff,4.1,Y,
derby,4.1,Y,
fatal,4.1,N,
lemon,4.1,Y,
belly,4.1,Y,
ralph,4.1,Y,
shark,4.1,Y,
diary,4.09,Y,
drill,4.09,Y,
meter,4.09,Y,
olive,4.09,Y,
safer,4.09,Y,
setup,4.09,Y,
skull,4.09,Y,
smash,4.09,Y,
dairy,4.09,Y,
basin,4.08,Y,
chick,4.08,Y,
freak,4.08,N,
grief,4.08,Y,
lodge,4.08,Y,
micro,4.08,Y,
rebel,4.08,Y,
tooth,4.08,Y,
widow,4.08,Y,
breed,4.08,Y,
bride,4.08,Y,
fairy,4.08,N,
merit,4.08,Y,
viral,4.08,Y,
beard,4.07,Y,
drain,4.07,Y,
ninth,4.07,Y,
penny,4.07,Y,
petty,4.07,Y,
reign,4.07,Y,
curse,4.07,N,
flame,4.07,N,
scare,4.07,Y,
sunny,4.07,Y,
cheat,4.06,Y,
cheer,4.06,Y,
elder,4.06,Y,
fiber,4.06,Y,
fried,4.06,Y,
pulse,4.06,Y,
realm,4.06,Y,
shout,4.06,Y,
alter,4.05,Y,
brass,4.05,Y,
graph,4.05,Y,
shook,4.05,Y,
stack,4.05,Y,
aging,4.04,Y,
audit,4.04,Y,
dried,4.04,Y,
spite,4.04,Y,
buyer,4.03,Y,
cease,4.03,Y,
cloth,4.03,Y,
eager,4.03,Y,
elect,4.03,Y,
lobby,4.03,Y,
orbit,4.03,Y,
ranch,4.03,Y,
burnt,4.03,Y,
trunk,4.03,Y,
badge,4.02,Y,
carol,4.02,Y,
ferry,4.02,Y,
gauge,4.02,Y,
rider,4.02,Y,
shelf,4.02,Y,
width,4.02,Y,
loser,4.01,N,
sheer,4.01,Y,
thumb,4.01,Y,
wheat,4.01,Y,
stark,4.01,Y,
wrist,4.01,Y,
acute,4,Y,
civic,4,Y,
drone,4,Y,
minus,4,Y,
pause,4,Y,
vinyl,4,Y,
clerk,4,Y,
crude,4,Y,
flour,4,Y,
puppy,4,N,
slice,4,Y,
steep,3.99,Y,
straw,3.99,Y,
weigh,3.99,Y,
probe,3.99,Y,
sneak,3.99,Y,
spark,3.99,Y,
adapt,3.98,Y,
cyber,3.98,Y,
dense,3.98,Y,
kitty,3.98,Y,
whale,3.98,Y,
amber,3.97,Y,
ankle,3.97,Y,
armor,3.97,Y,
clash,3.97,Y,
grasp,3.97,Y,
handy,3.97,Y,
manga,3.97,Y,
poker,3.97,Y,
scout,3.97,Y,
sweep,3.97,Y,
berry,3.97,Y,
sally,3.97,Y,
steak,3.97,Y,
tumor,3.97,N,
curry,3.96,Y,
drake,3.96,Y,
polar,3.96,Y,
toast,3.96,Y,
waist,3.96,Y,
cheek,3.96,Y,
skirt,3.96,Y,
spike,3.96,Y,
wreck,3.96,Y,
depot,3.95,Y,
drank,3.95,Y,
feast,3.95,Y,
purse,3.95,Y,
tense,3.95,Y,
vegan,3.95,Y,
blend,3.95,Y,
brake,3.95,N,
cough,3.95,Y,
frost,3.95,Y,
chess,3.94,Y,
float,3.94,Y,
grind,3.94,Y,
hobby,3.94,Y,
lance,3.94,Y,
newer,3.94,Y,
risky,3.94,Y,
sober,3.94,N,
towel,3.94,Y,
grove,3.94,Y,
spice,3.94,Y,
swept,3.94,Y,
bloom,3.93,Y,
clown,3.93,Y,
dodge,3.93,Y,
guild,3.93,Y,
sonic,3.93,Y,
arise,3.93,Y,
prone,3.93,Y,
siege,3.93,Y,
sixty,3.93,Y,
spine,3.93,Y,
admin,3.92,Y,
donor,3.92,Y,
pasta,3.92,Y,
tenth,3.92,Y,
crane,3.92,Y,
randy,3.92,Y,
batch,3.91,Y,
paste,3.91,Y,
plaza,3.91,Y,
stare,3.91,Y,
blunt,3.9,Y,
champ,3.9,Y,
ditch,3.9,Y,
scrap,3.9,Y,
stern,3.9,Y,
stiff,3.9,Y,
unite,3.9,Y,
vault,3.9,Y,
wagon,3.9,Y,
shaft,3.9,Y,
slope,3.9,Y,
snack,3.9,Y,
sworn,3.9,Y,
homer,3.89,Y,
midst,3.89,Y,
onion,3.89,Y,
rogue,3.89,Y,
abbey,3.88,Y,
baron,3.88,Y,
bunny,3.88,Y,
holly,3.88,Y,
karma,3.88,Y,
teddy,3.88,Y,
thief,3.88,Y,
choir,3.88,N,
shiny,3.88,N,
spoon,3.88,Y,
alley,3.87,Y,
marsh,3.87,Y,
ninja,3.87,Y,
roast,3.87,Y,
salon,3.87,Y,
vague,3.87,Y,
bully,3.87,N,
hardy,3.86,Y,
irony,3.86,Y,
maple,3.86,Y,
relay,3.86,Y,
risen,3.86,Y,
coral,3.86,Y,
dough,3.86,Y,
stunt,3.86,Y,
freed,3.85,Y,
ivory,3.85,Y,
niche,3.85,Y,
porch,3.85,Y,
utter,3.85,Y,
creep,3.84,N,
elbow,3.84,Y,
exile,3.84,Y,
grill,3.84,Y,
ruler,3.84,Y,
swamp,3.84,Y,
tasty,3.84,Y,
goose,3.84,Y,
spill,3.84,Y,
urine,3.84,N,
decay,3.83,Y,
flown,3.83,Y,
imply,3.83,Y,
mafia,3.83,N,
reset,3.83,Y,
merry,3.83,Y,
shave,3.83,Y,
vodka,3.83,N,
drift,3.82,Y,
hatch,3.82,Y,
niece,3.82,Y,
scent,3.82,Y,
token,3.82,Y,
yacht,3.82,Y,
slate,3.82,Y,
surge,3.82,Y,
woody,3.82,Y,
intro,3.81,Y,
manor,3.81,Y,
pupil,3.81,Y,
spoil,3.81,Y,
altar,3.8,N,
fatty,3.8,Y,
ounce,3.8,Y,
flush,3.8,Y,
hairy,3.8,Y,
seize,3.8,Y,
spicy,3.8,Y,
sting,3.8,Y,
rehab,3.79,Y,
strap,3.79,Y,
belle,3.79,Y,
raven,3.79,Y,
stall,3.79,Y,
bliss,3.78,Y,
disco,3.78,Y,
notch,3.78,Y,
omega,3.78,Y,
trout,3.78,Y,
daisy,3.78,Y,
faint,3.78,Y,
forge,3.78,Y,
queue,3.78,Y,
bravo,3.77,Y,
crawl,3.77,Y,
digit,3.77,Y,
lunar,3.77,Y,
peach,3.77,Y,
flint,3.77,Y,
jelly,3.77,Y,
cedar,3.76,Y,
heath,3.76,Y,
pinch,3.76,Y,
rover,3.76,Y,
syrup,3.76,Y,
dwarf,3.75,Y,
liner,3.75,Y,
merge,3.75,Y,
rigid,3.75,Y,
vivid,3.75,Y,
naive,3.75,Y,
hedge,3.74,Y,
laden,3.74,Y,
rainy,3.74,Y,
serum,3.74,Y,
tempo,3.74,Y,
torch,3.74,Y,
turbo,3.74,Y,
boxer,3.74,Y,
brook,3.74,Y,
joker,3.74,Y,
salty,3.74,N,
skate,3.74,N,
stray,3.74,Y,
arose,3.73,Y,
chili,3.73,Y,
excel,3.73,Y,
greed,3.73,Y,
greet,3.73,Y,
owing,3.73,Y,
renew,3.73,Y,
retro,3.73,Y,
rumor,3.73,Y,
thigh,3.73,Y,
troll,3.73,Y,
blink,3.73,Y,
glove,3.73,Y,
proxy,3.73,Y,
stoke,3.73,Y,
aisle,3.72,Y,
bleed,3.72,Y,
motto,3.72,Y,
onset,3.72,Y,
razor,3.72,Y,
steer,3.72,Y,
brace,3.72,Y,
choke,3.72,Y,
pixel,3.72,Y,
prose,3.72,Y,
ample,3.71,Y,
bingo,3.71,Y,
cubic,3.71,Y,
macro,3.71,Y,
tract,3.71,Y,
vista,3.71,Y,
shady,3.71,Y,
slack,3.71,Y,
slick,3.71,Y,
stove,3.71,N,
vogue,3.71,Y,
adore,3.7,Y,
creed,3.7,Y,
crisp,3.7,Y,
flora,3.7,Y,
gamma,3.7,Y,
moody,3.7,Y,
prank,3.7,Y,
tidal,3.7,Y,
wrath,3.7,N,
crust,3.7,Y,
grape,3.7,Y,
juicy,3.7,Y,
spear,3.7,Y,
stain,3.7,Y,
chalk,3.69,Y,
hyper,3.69,Y,
rabbi,3.69,N,
scoop,3.69,Y,
scrub,3.69,Y,
titan,3.69,Y,
trait,3.69,Y,
troop,3.69,Y,
blaze,3.69,Y,
flock,3.69,Y,
moist,3.69,Y,
shale,3.69,Y,
drown,3.68,Y,
jewel,3.68,Y,
piper,3.68,Y,
scarf,3.68,Y,
sushi,3.68,Y,
timer,3.68,Y,
tying,3.68,Y,
clone,3.68,Y,
dusty,3.67,Y,
fibre,3.67,Y,
focal,3.67,Y,
noisy,3.67,Y,
tutor,3.67,Y,
verge,3.67,Y,
yeast,3.67,Y,
snail,3.67,Y,
erase,3.66,Y,
manly,3.66,Y,
oxide,3.66,Y,
pence,3.66,Y,
repay,3.66,Y,
rouge,3.66,Y,
shove,3.66,Y,
basil,3.65,Y,
chord,3.65,Y,
decor,3.65,Y,
fetch,3.65,Y,
nicer,3.65,Y,
optic,3.65,Y,
slash,3.65,Y,
crest,3.65,Y,
fuzzy,3.65,Y,
stein,3.65,Y,
baton,3.64,Y,
camel,3.64,Y,
cocoa,3.64,Y,
comet,3.64,Y,
dread,3.64,Y,
lever,3.64,Y,
pedal,3.64,Y,
sewer,3.64,Y,
chunk,3.64,Y,
flank,3.64,Y,
flare,3.64,Y,
query,3.64,N,
smack,3.64,Y,
swell,3.64,Y,
align,3.63,Y,
attic,3.63,Y,
await,3.63,Y,
cache,3.63,Y,
comfy,3.63,Y,
condo,3.63,Y,
groom,3.63,Y,
hydro,3.63,Y,
lyric,3.63,Y,
plead,3.63,Y,
flick,3.63,Y,
funky,3.63,Y,
debit,3.62,Y,
gamer,3.62,Y,
paddy,3.62,Y,
tally,3.62,Y,
wedge,3.62,Y,
alloy,3.61,Y,
linen,3.61,Y,
moose,3.61,Y,
motel,3.61,Y,
resin,3.61,Y,
rusty,3.61,Y,
crank,3.61,Y,
stint,3.61,Y,
weary,3.61,Y,
willy,3.61,Y,
agony,3.6,Y,
binge,3.6,Y,
caste,3.6,Y,
chant,3.6,Y,
colon,3.6,Y,
muddy,3.6,Y,
curly,3.6,Y,
fetus,3.6,Y,
mound,3.6,Y,
prick,3.6,N,
abide,3.59,Y,
avail,3.59,Y,
madam,3.59,Y,
nanny,3.59,Y,
tease,3.59,Y,
booty,3.59,Y,
poppy,3.59,Y,
bluff,3.58,Y,
flyer,3.58,Y,
needy,3.58,Y,
patty,3.58,Y,
tango,3.58,Y,
miner,3.58,Y,
blitz,3.57,Y,
cigar,3.57,N,
circa,3.57,Y,
dwell,3.57,Y,
fiery,3.57,Y,
rhino,3.57,Y,
windy,3.57,Y,
cloak,3.57,Y,
goofy,3.57,Y,
jolly,3.57,N,
mummy,3.57,Y,
purge,3.57,Y,
venom,3.57,N,
mango,3.56,Y,
oddly,3.56,Y,
pagan,3.56,Y,
psalm,3.56,N,
rhyme,3.56,Y,
vapor,3.56,Y,
woven,3.56,Y,
blush,3.56,Y,
furry,3.56,Y,
savvy,3.56,Y,
spree,3.56,Y,
witty,3.56,Y,
amend,3.55,Y,
bowel,3.55,N,
cater,3.55,Y,
sedan,3.55,Y,
slang,3.55,Y,
bloke,3.55,Y,
blond,3.55,Y,
deity,3.55,Y,
finch,3.55,Y,
gypsy,3.55,Y,
algae,3.54,Y,
dolly,3.54,Y,
dryer,3.54,Y,
ethic,3.54,Y,
hazel,3.54,Y,
viola,3.54,Y,
flair,3.54,Y,
haunt,3.54,N,
slain,3.54,Y,
stash,3.54,Y,
adobe,3.53,Y,
brawl,3.53,Y,
salsa,3.53,Y,
weave,3.53,Y,
quota,3.53,Y,
swore,3.53,Y,
denim,3.52,Y,
tread,3.52,Y,
unfit,3.52,Y,
fauna,3.52,Y,
flirt,3.52,Y,
flute,3.52,Y,
stool,3.52,Y,
truce,3.52,N,
aloud,3.51,Y,
cobra,3.51,Y,
inbox,3.51,Y,
sigma,3.51,Y,
usher,3.51,Y,
boast,3.51,Y,
brink,3.51,N,
annex,3.5,Y,
birch,3.5,Y,
bland,3.5,Y,
cider,3.5,Y,
equip,3.5,Y,
havoc,3.5,Y,
humid,3.5,Y,
milky,3.5,Y,
pivot,3.5,Y,
barge,3.5,Y,
bribe,3.5,Y,
canoe,3.5,Y,
suing,3.5,Y,
arbor,3.49,Y,
cling,3.49,Y,
fella,3.49,Y,
icing,3.49,Y,
lapse,3.49,Y,
login,3.49,Y,
mimic,3.49,Y,
mural,3.49,Y,
nasal,3.49,Y,
quasi,3.49,Y,
cameo,3.48,Y,
deter,3.48,Y,
diner,3.48,Y,
envoy,3.48,Y,
fungi,3.48,Y,
rinse,3.48,Y,
scalp,3.48,Y,
thorn,3.48,Y,
wharf,3.48,Y,
wiser,3.48,Y,
gravy,3.48,Y,
squat,3.48,Y,
gloss,3.47,Y,
leash,3.47,Y,
rodeo,3.47,Y,
taboo,3.47,Y,
crate,3.47,Y,
crave,3.47,Y,
graft,3.47,Y,
guise,3.47,Y,
shire,3.47,Y,
swung,3.47,Y,
annoy,3.46,Y,
grail,3.46,Y,
kappa,3.46,Y,
plank,3.46,Y,
siren,3.46,Y,
opium,3.46,N,
privy,3.46,Y,
smear,3.46,Y,
snowy,3.46,Y,
stalk,3.46,N,
stink,3.46,Y,
swine,3.46,Y,
clamp,3.45,Y,
inlet,3.45,Y,
racer,3.45,Y,
recap,3.45,Y,
stump,3.45,Y,
quake,3.45,Y,
shaky,3.45,N,
stout,3.45,N,
berth,3.44,Y,
mania,3.44,Y,
parry,3.44,Y,
patio,3.44,Y,
prism,3.44,Y,
renal,3.44,N,
roach,3.44,Y,
swarm,3.44,Y,
terra,3.44,Y,
sniff,3.44,Y,
abbot,3.43,Y,
enact,3.43,Y,
mourn,3.43,Y,
wager,3.43,Y,
whack,3.43,N,
bleak,3.43,Y,
dizzy,3.43,N,
hound,3.43,Y,
pouch,3.43,Y,
shack,3.43,Y,
stale,3.43,N,
eater,3.42,Y,
hitch,3.42,Y,
medic,3.42,Y,
nylon,3.42,Y,
ozone,3.42,Y,
rotor,3.42,Y,
broom,3.42,Y,
brute,3.42,Y,
fritz,3.42,Y,
froze,3.42,Y,
ledge,3.41,Y,
natal,3.41,Y,
torso,3.41,Y,
agile,3.41,Y,
carve,3.41,Y,
crook,3.41,Y,
diver,3.41,Y,
filth,3.41,N,
genie,3.41,Y,
abyss,3.4,Y,
arson,3.4,Y,
basal,3.4,Y,
ether,3.4,Y,
modem,3.4,Y,
motif,3.4,Y,
papal,3.4,Y,
peril,3.4,Y,
snoop,3.4,Y,
tenor,3.4,Y,
zebra,3.4,Y,
fetal,3.4,Y,
finer,3.4,Y,
gorge,3.4,Y,
shear,3.4,Y,
evade,3.39,Y,
heist,3.39,N,
tonic,3.39,Y,
broth,3.39,Y,
maxim,3.39,Y,
pinky,3.39,Y,
satin,3.39,Y,
ditto,3.38,Y,
mecca,3.38,Y,
gland,3.38,Y,
jumbo,3.38,Y,
slime,3.38,Y,
spawn,3.38,Y,
waltz,3.38,Y,
butch,3.37,N,
haste,3.37,Y,
relic,3.37,Y,
reuse,3.37,Y,
vicar,3.37,N,
woken,3.37,Y,
otter,3.37,Y,
welch,3.37,Y,
apron,3.36,Y,
exert,3.36,Y,
hefty,3.36,Y,
slump,3.36,Y,
glare,3.36,Y,
azure,3.35,Y,
cadet,3.35,Y,
geese,3.35,Y,
ramen,3.35,Y,
craze,3.35,Y,
phony,3.35,Y,
ebony,3.34,Y,
itchy,3.34,Y,
junta,3.34,Y,
latch,3.34,Y,
libel,3.34,Y,
lofty,3.34,Y,
maize,3.34,Y,
regal,3.34,Y,
sheen,3.34,Y,
coupe,3.34,Y,
folly,3.34,Y,
picky,3.34,Y,
sleek,3.34,Y,
sling,3.34,Y,
adept,3.33,Y,
eerie,3.33,Y,
fling,3.33,Y,
flung,3.33,Y,
fudge,3.33,Y,
glide,3.33,Y,
plaid,3.33,Y,
vowel,3.33,Y,
farce,3.33,Y,
plush,3.33,Y,
smoky,3.33,Y,
spade,3.33,Y,
ethos,3.32,Y,
mamma,3.32,Y,
manic,3.32,Y,
melon,3.32,Y,
synod,3.32,Y,
buggy,3.32,N,
cutie,3.32,Y,
dodgy,3.32,Y,
hinge,3.32,Y,
donut,3.31,Y,
limbo,3.31,Y,
overt,3.31,Y,
viper,3.31,Y,
gloom,3.31,Y,
lousy,3.31,Y,
scuba,3.31,Y,
incur,3.3,Y,
latte,3.3,Y,
leafy,3.3,Y,
shrug,3.3,Y,
taper,3.3,Y,
toxin,3.3,Y,
bulky,3.3,N,
piggy,3.3,Y,
sonar,3.3,Y,
stony,3.3,Y,
detox,3.29,Y,
hasty,3.29,Y,
lipid,3.29,Y,
perch,3.29,Y,
truss,3.29,Y,
undue,3.29,Y,
cello,3.29,Y,
feral,3.29,Y,
husky,3.29,Y,
wacky,3.29,Y,
fishy,3.28,Y,
frail,3.28,Y,
glaze,3.28,Y,
stung,3.28,Y,
whine,3.28,N,
abort,3.27,N,
banjo,3.27,Y,
beech,3.27,Y,
comma,3.27,Y,
dogma,3.27,Y,
evoke,3.27,Y,
lowly,3.27,Y,
lucid,3.27,Y,
tweak,3.27,Y,
snuck,3.27,Y,
angst,3.26,Y,
bison,3.26,Y,
expel,3.26,Y,
helix,3.26,Y,
knack,3.26,Y,
macho,3.26,Y,
frown,3.26,Y,
godly,3.26,Y,
hover,3.26,Y,
missy,3.26,N,
silky,3.26,Y,
stair,3.26,Y,
dandy,3.25,Y,
lefty,3.25,Y,
timid,3.25,Y,
tweed,3.25,Y,
uncut,3.25,Y,
widen,3.25,Y,
brood,3.25,Y,
leach,3.25,Y,
quilt,3.25,Y,
sauna,3.25,Y,
scrum,3.25,Y,
snare,3.25,Y,
stomp,3.25,Y,
kayak,3.24,Y,
kneel,3.24,Y,
vigil,3.24,Y,
braid,3.24,Y,
bulge,3.24,Y,
forte,3.24,Y,
waive,3.24,Y,
aroma,3.23,Y,
girly,3.23,Y,
horde,3.23,Y,
taker,3.23,Y,
triad,3.23,Y,
valor,3.23,Y,
wight,3.23,Y,
budge,3.23,Y,
clout,3.23,Y,
corny,3.23,Y,
hoard,3.23,Y,
shone,3.23,Y,
bathe,3.22,Y,
melee,3.22,Y,
nudge,3.22,Y,
payer,3.22,Y,
whiff,3.22,Y,
giddy,3.22,Y,
ionic,3.21,Y,
lorry,3.21,Y,
mover,3.21,Y,
rowdy,3.21,Y,
wield,3.21,Y,
flake,3.21,Y,
sassy,3.21,Y,
defer,3.2,Y,
lupus,3.2,Y,
lymph,3.2,Y,
polka,3.2,Y,
repel,3.2,Y,
skier,3.2,Y,
whoop,3.2,Y,
brisk,3.2,Y,
flask,3.2,Y,
fluff,3.2,Y,
giver,3.2,Y,
gnome,3.2,Y,
haute,3.2,Y,
palsy,3.2,Y,
swoop,3.2,Y,
epoch,3.19,Y,
foggy,3.19,Y,
magma,3.19,Y,
nutty,3.19,Y,
shrub,3.19,Y,
amaze,3.19,Y,
chute,3.19,Y,
drier,3.19,Y,
femme,3.19,Y,
plume,3.19,Y,
plump,3.19,Y,
stead,3.19,Y,
bagel,3.18,Y,
facet,3.18,Y,
floss,3.18,Y,
locus,3.18,Y,
tacky,3.18,Y,
tulip,3.18,Y,
posse,3.18,Y,
slant,3.18,Y,
hilly,3.17,Y,
leech,3.17,Y,
nerdy,3.17,Y,
valet,3.17,Y,
felon,3.17,Y,
grate,3.17,Y,
madly,3.17,Y,
shawl,3.17,Y,
aunty,3.16,Y,
fable,3.16,Y,
infer,3.16,Y,
lager,3.16,N,
theta,3.16,Y,
baggy,3.16,Y,
strut,3.16,Y,
swirl,3.16,Y,
axial,3.15,Y,
carat,3.15,Y,
grunt,3.15,Y,
masse,3.15,Y,
pixie,3.15,Y,
sever,3.15,Y,
snuff,3.15,Y,
stoic,3.15,Y,
awoke,3.15,Y,
chore,3.15,Y,
crept,3.15,Y,
curvy,3.15,Y,
mucus,3.15,Y,
avert,3.14,Y,
avian,3.14,Y,
bayou,3.14,Y,
delve,3.14,Y,
hater,3.14,Y,
chime,3.14,Y,
fluke,3.14,Y,
growl,3.14,Y,
soggy,3.14,Y,
stoop,3.14,Y,
abode,3.13,Y,
inept,3.13,Y,
juror,3.13,Y,
rabid,3.13,Y,
wafer,3.13,Y,
hippo,3.13,Y,
modal,3.13,Y,
pluck,3.13,Y,
puffy,3.13,Y,
quail,3.13,Y,
quirk,3.13,N,
scorn,3.13,Y,
vouch,3.13,Y,
aptly,3.12,Y,
groan,3.12,Y,
pinto,3.12,Y,
tarot,3.12,Y,
amuse,3.12,Y,
brunt,3.12,Y,
creme,3.12,Y,
hoist,3.12,Y,
murky,3.12,Y,
patsy,3.12,Y,
gully,3.11,Y,
lilac,3.11,Y,
revel,3.11,Y,
rower,3.11,Y,
folio,3.11,Y,
quill,3.11,Y,
spire,3.11,N,
spout,3.11,Y,
sully,3.11,Y,
whisk,3.11,Y,
alibi,3.1,Y,
clasp,3.1,Y,
crypt,3.1,Y,
edict,3.1,Y,
epoxy,3.1,Y,
mower,3.1,Y,
tonga,3.1,Y,
fiend,3.1,Y,
jerky,3.1,Y,
pesky,3.1,Y,
rouse,3.1,Y,
scant,3.1,Y,
sheik,3.1,Y,
skunk,3.1,Y,
sloth,3.1,Y,
spoof,3.1,Y,
trope,3.1,Y,
foyer,3.09,Y,
heron,3.09,Y,
inert,3.09,Y,
lumen,3.09,Y,
piety,3.09,N,
remit,3.09,Y,
tonal,3.09,Y,
totem,3.09,Y,
grime,3.09,Y,
acorn,3.08,Y,
aloft,3.08,Y,
beset,3.08,Y,
bleep,3.08,Y,
tunic,3.08,Y,
howdy,3.08,Y,
munch,3.08,Y,
slimy,3.08,Y,
snout,3.08,Y,
spank,3.08,Y,
spied,3.08,Y,
churn,3.07,Y,
nomad,3.07,Y,
revue,3.07,Y,
rigor,3.07,Y,
thyme,3.07,Y,
unify,3.07,Y,
brine,3.07,Y,
hunch,3.07,Y,
mogul,3.07,Y,
morph,3.07,Y,
shank,3.07,Y,
ascot,3.06,Y,
diode,3.06,Y,
ester,3.06,Y,
leaky,3.06,Y,
quack,3.06,N,
bosom,3.05,N,
leapt,3.05,Y,
rarer,3.05,Y,
quark,3.05,Y,
anvil,3.04,Y,
cabal,3.04,Y,
cramp,3.04,Y,
drool,3.04,Y,
hutch,3.04,Y,
khaki,3.04,Y,
koala,3.04,Y,
petal,3.04,Y,
rupee,3.04,Y,
swami,3.04,Y,
decoy,3.04,Y,
fixer,3.04,Y,
foray,3.04,Y,
friar,3.04,Y,
fussy,3.04,Y,
goody,3.04,Y,
jetty,3.04,Y,
poise,3.04,Y,
smirk,3.04,Y,
snipe,3.04,Y,
stave,3.04,Y,
trove,3.04,Y,
winch,3.04,N,
kebab,3.03,Y,
ulcer,3.03,Y,
crock,3.03,Y,
erode,3.03,Y,
scion,3.03,N,
vigor,3.03,Y,
axiom,3.02,Y,
mince,3.02,Y,
graze,3.02,Y,
speck,3.02,Y,
adorn,3.01,Y,
cumin,3.01,Y,
decal,3.01,Y,
lingo,3.01,Y,
ruddy,3.01,Y,
meaty,3.01,Y,
quart,3.01,Y,
snort,3.01,Y,
apnea,3,Y,
gusto,3,Y,
hippy,3,Y,
kiosk,3,Y,
roost,3,Y,
tenet,3,Y,
femur,3,Y,
jazzy,3,N,
pushy,3,Y,
quell,3,Y,
shard,3,Y,
sieve,3,Y,
spore,3,Y,
aback,2.99,Y,
aloof,2.99,Y,
duvet,2.99,Y,
eject,2.99,Y,
larva,2.99,Y,
livid,2.99,Y,
molar,2.99,Y,
primo,2.99,Y,
rayon,2.99,Y,
druid,2.99,Y,
forgo,2.99,Y,
freer,2.99,Y,
slush,2.99,Y,
smelt,2.99,Y,
mocha,2.98,Y,
tiara,2.98,Y,
visor,2.98,Y,
bushy,2.98,Y,
clung,2.98,Y,
noose,2.98,Y,
parse,2.98,Y,
savor,2.98,Y,
taint,2.98,Y,
ember,2.97,Y,
erupt,2.97,Y,
evict,2.97,Y,
gleam,2.97,Y,
idiom,2.97,Y,
talon,2.97,Y,
yearn,2.97,Y,
bossy,2.97,Y,
crumb,2.97,Y,
gummy,2.97,Y,
pooch,2.97,Y,
scour,2.97,Y,
thump,2.97,Y,
truer,2.97,Y,
crass,2.96,Y,
caddy,2.96,Y,
chasm,2.96,Y,
prune,2.96,Y,
taunt,2.96,Y,
whirl,2.96,Y,
liege,2.95,Y,
llama,2.95,Y,
adage,2.95,Y,
brash,2.95,Y,
flack,2.95,Y,
navel,2.95,Y,
perky,2.95,Y,
steed,2.95,Y,
embed,2.94,Y,
geeky,2.94,Y,
ovary,2.94,N,
tacit,2.94,Y,
wreak,2.94,Y,
cleft,2.94,Y,
clump,2.94,Y,
deuce,2.94,Y,
mushy,2.94,Y,
amiss,2.93,Y,
heady,2.93,Y,
hotly,2.93,Y,
pecan,2.93,Y,
pique,2.93,Y,
voila,2.93,Y,
shoal,2.93,Y,
smite,2.93,Y,
twine,2.93,Y,
aorta,2.92,Y,
beret,2.92,Y,
bugle,2.92,Y,
flier,2.92,Y,
frisk,2.92,N,
girth,2.92,Y,
plumb,2.92,Y,
vying,2.92,Y,
ensue,2.91,Y,
gecko,2.91,Y,
lathe,2.91,Y,
chump,2.91,Y,
clove,2.91,Y,
spilt,2.91,N,
heave,2.9,Y,
rerun,2.9,Y,
tibia,2.9,Y,
gaunt,2.9,Y,
knoll,2.9,Y,
mulch,2.9,Y,
saucy,2.9,Y,
suave,2.9,Y,
artsy,2.89,Y,
afoot,2.89,Y,
canny,2.89,Y,
gauze,2.89,Y,
ghoul,2.89,Y,
putty,2.89,Y,
swish,2.89,Y,
whiny,2.89,Y,
pesto,2.88,Y,
riser,2.88,Y,
tithe,2.88,N,
banal,2.88,N,
frock,2.88,Y,
pasty,2.88,N,
spook,2.88,Y,
stork,2.88,Y,
swoon,2.88,Y,
gamut,2.87,Y,
bongo,2.87,Y,
cairn,2.87,Y,
crepe,2.87,Y,
flaky,2.87,Y,
nymph,2.87,Y,
paler,2.87,Y,
prawn,2.87,Y,
tipsy,2.87,N,
topaz,2.87,Y,
cacao,2.86,Y,
caper,2.86,Y,
debug,2.86,Y,
nadir,2.86,Y,
salvo,2.86,Y,
atone,2.86,Y,
briar,2.86,Y,
chock,2.86,Y,
gooey,2.86,Y,
atoll,2.85,Y,
lunge,2.85,Y,
enema,2.85,N,
slung,2.85,Y,
surly,2.85,Y,
verve,2.85,Y,
lumpy,2.84,Y,
olden,2.84,Y,
spool,2.84,Y,
spurt,2.84,Y,
teary,2.84,Y,
spasm,2.83,Y,
dusky,2.83,Y,
gaudy,2.83,Y,
grout,2.83,Y,
musty,2.83,N,
seedy,2.83,Y,
sleet,2.83,Y,
swath,2.83,Y,
gourd,2.82,Y,
burly,2.82,Y,
covet,2.82,Y,
dingy,2.82,Y,
fizzy,2.82,Y,
shunt,2.82,Y,
gruff,2.81,Y,
agate,2.81,Y,
cynic,2.81,Y,
fjord,2.81,Y,
flume,2.81,Y,
gripe,2.81,Y,
salve,2.81,Y,
scaly,2.81,Y,
scold,2.81,Y,
hyena,2.8,Y,
knelt,2.8,Y,
bezel,2.8,Y,
filet,2.8,Y,
prong,2.8,Y,
trite,2.8,Y,
allot,2.79,Y,
blurb,2.79,Y,
chirp,2.79,Y,
golem,2.79,Y,
leper,2.79,Y,
lurch,2.79,Y,
batty,2.79,Y,
conch,2.79,Y,
dimly,2.79,Y,
showy,2.79,Y,
tabby,2.79,N,
elude,2.78,Y,
sepia,2.78,Y,
blimp,2.78,Y,
glade,2.78,Y,
gulch,2.78,Y,
irate,2.78,Y,
mambo,2.78,Y,
scoff,2.78,Y,
amass,2.77,Y,
lapel,2.77,Y,
credo,2.77,Y,
tawny,2.77,Y,
awash,2.76,Y,
midge,2.76,Y,
parka,2.76,Y,
posit,2.76,Y,
brawn,2.76,Y,
grimy,2.76,Y,
snore,2.76,Y,
wimpy,2.76,Y,
cacti,2.75,Y,
chaff,2.75,Y,
dingo,2.75,Y,
prowl,2.75,Y,
crump,2.75,Y,
froth,2.75,Y,
guile,2.75,Y,
shrew,2.75,Y,
shush,2.75,Y,
soapy,2.75,Y,
spiky,2.75,N,
waver,2.75,Y,
wring,2.75,Y,
lasso,2.74,Y,
beefy,2.74,Y,
drape,2.74,Y,
scone,2.74,Y,
tamer,2.74,Y,
zonal,2.74,Y,
emcee,2.73,Y,
lanky,2.73,Y,
unmet,2.73,Y,
biome,2.73,Y,
bough,2.73,Y,
glean,2.73,Y,
lurid,2.73,Y,
agora,2.72,Y,
askew,2.72,Y,
bicep,2.72,Y,
outdo,2.72,Y,
hunky,2.72,Y,
verso,2.72,Y,
chard,2.71,Y,
golly,2.71,Y,
gouge,2.71,Y,
mauve,2.71,Y,
taffy,2.71,Y,
tepid,2.71,Y,
glyph,2.7,Y,
splat,2.7,Y,
usurp,2.7,Y,
balmy,2.7,Y,
gumbo,2.7,Y,
inane,2.7,Y,
sneer,2.7,Y,
allay,2.69,Y,
moldy,2.69,Y,
tardy,2.69,Y,
minty,2.69,Y,
rivet,2.69,Y,
twirl,2.69,Y,
easel,2.68,Y,
inlay,2.68,Y,
abate,2.68,Y,
sappy,2.68,Y,
roomy,2.67,Y,
dicey,2.67,Y,
jumpy,2.67,N,
loath,2.67,Y,
loopy,2.67,Y,
poser,2.67,Y,
refit,2.67,Y,
terse,2.67,Y,
clank,2.66,Y,
gaffe,2.66,Y,
ladle,2.66,Y,
igloo,2.64,Y,
jiffy,2.64,Y,
mossy,2.64,Y,
raspy,2.64,Y,
ripen,2.64,Y,
spiny,2.64,N,
tangy,2.64,Y,
afoul,2.63,Y,
clang,2.63,Y,
gloat,2.62,Y,
mammy,2.62,N,
snarl,2.62,Y,
guava,2.61,Y,
pithy,2.61,Y,
wince,2.61,Y,
bloat,2.6,Y,
halve,2.6,Y,
undid,2.53,Y,
creak,2.52,Y,
furor,2.52,Y,
skimp,2.52,Y,
droop,2.51,Y,
scowl,2.51,Y,
shied,2.51,Y,
sooty,2.51,Y,
untie,2.51,Y,
guppy,2.49,Y,
neigh,2.49,Y,
wooly,2.49,Y,
beady,2.48,Y,
saute,2.46,Y,
broil,2.44,Y,
singe,2.43,Y,
foamy,2.41,Y,
zesty,2.41,Y,
stilt,2.37,Y,
weedy,2.37,Y,
cluck,2.32,Y,
caulk,2.29,Y,
belch,2.27,N,
flunk,2.17,Y,
slosh,2.1,Y,
